{
  "mqtt:homie300:NUC_MQTTBroker:lumi158d0004872effweather": {
    "class": "org.eclipse.smarthome.config.discovery.internal.DiscoveryResultImpl",
    "value": {
      "bridgeUID": {
        "segments": [
          "mqtt",
          "broker",
          "NUC_MQTTBroker"
        ]
      },
      "thingUID": {
        "segments": [
          "mqtt",
          "homie300",
          "NUC_MQTTBroker",
          "lumi158d0004872effweather"
        ]
      },
      "thingTypeUID": {
        "segments": [
          "mqtt",
          "homie300"
        ]
      },
      "properties": {
        "deviceid": "lumi158d0004872effweather",
        "basetopic": "homie"
      },
      "representationProperty": "deviceid",
      "flag": "NEW",
      "label": "lumi158d0004872effweather",
      "timestamp": 1612376958281,
      "timeToLive": -1
    }
  },
  "mqtt:homie300:NUC_MQTTBroker:lumi158d000456ed21door": {
    "class": "org.eclipse.smarthome.config.discovery.internal.DiscoveryResultImpl",
    "value": {
      "bridgeUID": {
        "segments": [
          "mqtt",
          "broker",
          "NUC_MQTTBroker"
        ]
      },
      "thingUID": {
        "segments": [
          "mqtt",
          "homie300",
          "NUC_MQTTBroker",
          "lumi158d000456ed21door"
        ]
      },
      "thingTypeUID": {
        "segments": [
          "mqtt",
          "homie300"
        ]
      },
      "properties": {
        "deviceid": "lumi158d000456ed21door",
        "basetopic": "homie"
      },
      "representationProperty": "deviceid",
      "flag": "NEW",
      "label": "lumi158d000456ed21door",
      "timestamp": 1612376958289,
      "timeToLive": -1
    }
  },
  "mqtt:homie300:NUC_MQTTBroker:device0002": {
    "class": "org.eclipse.smarthome.config.discovery.internal.DiscoveryResultImpl",
    "value": {
      "bridgeUID": {
        "segments": [
          "mqtt",
          "broker",
          "NUC_MQTTBroker"
        ]
      },
      "thingUID": {
        "segments": [
          "mqtt",
          "homie300",
          "NUC_MQTTBroker",
          "device0002"
        ]
      },
      "thingTypeUID": {
        "segments": [
          "mqtt",
          "homie300"
        ]
      },
      "properties": {
        "deviceid": "device0002",
        "basetopic": "homie"
      },
      "representationProperty": "deviceid",
      "flag": "NEW",
      "label": "device0002",
      "timestamp": 1612376958246,
      "timeToLive": -1
    }
  },
  "mqtt:homie300:NUC_MQTTBroker:device0001": {
    "class": "org.eclipse.smarthome.config.discovery.internal.DiscoveryResultImpl",
    "value": {
      "bridgeUID": {
        "segments": [
          "mqtt",
          "broker",
          "NUC_MQTTBroker"
        ]
      },
      "thingUID": {
        "segments": [
          "mqtt",
          "homie300",
          "NUC_MQTTBroker",
          "device0001"
        ]
      },
      "thingTypeUID": {
        "segments": [
          "mqtt",
          "homie300"
        ]
      },
      "properties": {
        "deviceid": "device0001",
        "basetopic": "homie"
      },
      "representationProperty": "deviceid",
      "flag": "NEW",
      "label": "device0001",
      "timestamp": 1612376958244,
      "timeToLive": -1
    }
  },
  "mqtt:homie300:NUC_MQTTBroker:lumi158d00044e7e73door": {
    "class": "org.eclipse.smarthome.config.discovery.internal.DiscoveryResultImpl",
    "value": {
      "bridgeUID": {
        "segments": [
          "mqtt",
          "broker",
          "NUC_MQTTBroker"
        ]
      },
      "thingUID": {
        "segments": [
          "mqtt",
          "homie300",
          "NUC_MQTTBroker",
          "lumi158d00044e7e73door"
        ]
      },
      "thingTypeUID": {
        "segments": [
          "mqtt",
          "homie300"
        ]
      },
      "properties": {
        "deviceid": "lumi158d00044e7e73door",
        "basetopic": "homie"
      },
      "representationProperty": "deviceid",
      "flag": "NEW",
      "label": "lumi158d00044e7e73door",
      "timestamp": 1612376958287,
      "timeToLive": -1
    }
  },
  "mqtt:homie300:NUC_MQTTBroker:lumi4cf8cdf3c78bdbblight": {
    "class": "org.eclipse.smarthome.config.discovery.internal.DiscoveryResultImpl",
    "value": {
      "bridgeUID": {
        "segments": [
          "mqtt",
          "broker",
          "NUC_MQTTBroker"
        ]
      },
      "thingUID": {
        "segments": [
          "mqtt",
          "homie300",
          "NUC_MQTTBroker",
          "lumi4cf8cdf3c78bdbblight"
        ]
      },
      "thingTypeUID": {
        "segments": [
          "mqtt",
          "homie300"
        ]
      },
      "properties": {
        "deviceid": "lumi4cf8cdf3c78bdbblight",
        "basetopic": "homie"
      },
      "representationProperty": "deviceid",
      "flag": "NEW",
      "label": "lumi4cf8cdf3c78bdbblight",
      "timestamp": 1612376958292,
      "timeToLive": -1
    }
  },
  "mqtt:homie300:NUC_MQTTBrokerTasm:lumi158d00040e646ddoor": {
    "class": "org.eclipse.smarthome.config.discovery.internal.DiscoveryResultImpl",
    "value": {
      "bridgeUID": {
        "segments": [
          "mqtt",
          "broker",
          "NUC_MQTTBrokerTasm"
        ]
      },
      "thingUID": {
        "segments": [
          "mqtt",
          "homie300",
          "NUC_MQTTBrokerTasm",
          "lumi158d00040e646ddoor"
        ]
      },
      "thingTypeUID": {
        "segments": [
          "mqtt",
          "homie300"
        ]
      },
      "properties": {
        "deviceid": "lumi158d00040e646ddoor",
        "basetopic": "homie"
      },
      "representationProperty": "deviceid",
      "flag": "NEW",
      "label": "lumi158d00040e646ddoor",
      "timestamp": 1612376958287,
      "timeToLive": -1
    }
  },
  "mqtt:homie300:NUC_MQTTBroker:device0013": {
    "class": "org.eclipse.smarthome.config.discovery.internal.DiscoveryResultImpl",
    "value": {
      "bridgeUID": {
        "segments": [
          "mqtt",
          "broker",
          "NUC_MQTTBroker"
        ]
      },
      "thingUID": {
        "segments": [
          "mqtt",
          "homie300",
          "NUC_MQTTBroker",
          "device0013"
        ]
      },
      "thingTypeUID": {
        "segments": [
          "mqtt",
          "homie300"
        ]
      },
      "properties": {
        "deviceid": "device0013",
        "basetopic": "homie"
      },
      "representationProperty": "deviceid",
      "flag": "NEW",
      "label": "device0013",
      "timestamp": 1612376958273,
      "timeToLive": -1
    }
  },
  "mqtt:homie300:NUC_MQTTBroker:device0012": {
    "class": "org.eclipse.smarthome.config.discovery.internal.DiscoveryResultImpl",
    "value": {
      "bridgeUID": {
        "segments": [
          "mqtt",
          "broker",
          "NUC_MQTTBroker"
        ]
      },
      "thingUID": {
        "segments": [
          "mqtt",
          "homie300",
          "NUC_MQTTBroker",
          "device0012"
        ]
      },
      "thingTypeUID": {
        "segments": [
          "mqtt",
          "homie300"
        ]
      },
      "properties": {
        "deviceid": "device0012",
        "basetopic": "homie"
      },
      "representationProperty": "deviceid",
      "flag": "NEW",
      "label": "device0012",
      "timestamp": 1612376958253,
      "timeToLive": -1
    }
  },
  "mqtt:homie300:NUC_MQTTBroker:device0011": {
    "class": "org.eclipse.smarthome.config.discovery.internal.DiscoveryResultImpl",
    "value": {
      "bridgeUID": {
        "segments": [
          "mqtt",
          "broker",
          "NUC_MQTTBroker"
        ]
      },
      "thingUID": {
        "segments": [
          "mqtt",
          "homie300",
          "NUC_MQTTBroker",
          "device0011"
        ]
      },
      "thingTypeUID": {
        "segments": [
          "mqtt",
          "homie300"
        ]
      },
      "properties": {
        "deviceid": "device0011",
        "basetopic": "homie"
      },
      "representationProperty": "deviceid",
      "flag": "NEW",
      "label": "device0011",
      "timestamp": 1612376958249,
      "timeToLive": -1
    }
  },
  "mqtt:homie300:NUC_MQTTBroker:device0010": {
    "class": "org.eclipse.smarthome.config.discovery.internal.DiscoveryResultImpl",
    "value": {
      "bridgeUID": {
        "segments": [
          "mqtt",
          "broker",
          "NUC_MQTTBroker"
        ]
      },
      "thingUID": {
        "segments": [
          "mqtt",
          "homie300",
          "NUC_MQTTBroker",
          "device0010"
        ]
      },
      "thingTypeUID": {
        "segments": [
          "mqtt",
          "homie300"
        ]
      },
      "properties": {
        "deviceid": "device0010",
        "basetopic": "homie"
      },
      "representationProperty": "deviceid",
      "flag": "NEW",
      "label": "device0010",
      "timestamp": 1612376958250,
      "timeToLive": -1
    }
  },
  "mqtt:homie300:NUC_MQTTBroker:device0009": {
    "class": "org.eclipse.smarthome.config.discovery.internal.DiscoveryResultImpl",
    "value": {
      "bridgeUID": {
        "segments": [
          "mqtt",
          "broker",
          "NUC_MQTTBroker"
        ]
      },
      "thingUID": {
        "segments": [
          "mqtt",
          "homie300",
          "NUC_MQTTBroker",
          "device0009"
        ]
      },
      "thingTypeUID": {
        "segments": [
          "mqtt",
          "homie300"
        ]
      },
      "properties": {
        "deviceid": "device0009",
        "basetopic": "homie"
      },
      "representationProperty": "deviceid",
      "flag": "NEW",
      "label": "device0009",
      "timestamp": 1612376958248,
      "timeToLive": -1
    }
  },
  "mqtt:homie300:NUC_MQTTBroker:device0008": {
    "class": "org.eclipse.smarthome.config.discovery.internal.DiscoveryResultImpl",
    "value": {
      "bridgeUID": {
        "segments": [
          "mqtt",
          "broker",
          "NUC_MQTTBroker"
        ]
      },
      "thingUID": {
        "segments": [
          "mqtt",
          "homie300",
          "NUC_MQTTBroker",
          "device0008"
        ]
      },
      "thingTypeUID": {
        "segments": [
          "mqtt",
          "homie300"
        ]
      },
      "properties": {
        "deviceid": "device0008",
        "basetopic": "homie"
      },
      "representationProperty": "deviceid",
      "flag": "NEW",
      "label": "device0008",
      "timestamp": 1612376958249,
      "timeToLive": -1
    }
  },
  "mqtt:homie300:NUC_MQTTBroker:device0007": {
    "class": "org.eclipse.smarthome.config.discovery.internal.DiscoveryResultImpl",
    "value": {
      "bridgeUID": {
        "segments": [
          "mqtt",
          "broker",
          "NUC_MQTTBroker"
        ]
      },
      "thingUID": {
        "segments": [
          "mqtt",
          "homie300",
          "NUC_MQTTBroker",
          "device0007"
        ]
      },
      "thingTypeUID": {
        "segments": [
          "mqtt",
          "homie300"
        ]
      },
      "properties": {
        "deviceid": "device0007",
        "basetopic": "homie"
      },
      "representationProperty": "deviceid",
      "flag": "NEW",
      "label": "device0007",
      "timestamp": 1612376958248,
      "timeToLive": -1
    }
  },
  "mqtt:homie300:NUC_MQTTBroker:0": {
    "class": "org.eclipse.smarthome.config.discovery.internal.DiscoveryResultImpl",
    "value": {
      "bridgeUID": {
        "segments": [
          "mqtt",
          "broker",
          "NUC_MQTTBroker"
        ]
      },
      "thingUID": {
        "segments": [
          "mqtt",
          "homie300",
          "NUC_MQTTBroker",
          "0"
        ]
      },
      "thingTypeUID": {
        "segments": [
          "mqtt",
          "homie300"
        ]
      },
      "properties": {
        "deviceid": "0",
        "basetopic": "homie"
      },
      "representationProperty": "deviceid",
      "flag": "NEW",
      "label": "0",
      "timestamp": 1612376958278,
      "timeToLive": -1
    }
  },
  "mqtt:homie300:NUC_MQTTBroker:device0006": {
    "class": "org.eclipse.smarthome.config.discovery.internal.DiscoveryResultImpl",
    "value": {
      "bridgeUID": {
        "segments": [
          "mqtt",
          "broker",
          "NUC_MQTTBroker"
        ]
      },
      "thingUID": {
        "segments": [
          "mqtt",
          "homie300",
          "NUC_MQTTBroker",
          "device0006"
        ]
      },
      "thingTypeUID": {
        "segments": [
          "mqtt",
          "homie300"
        ]
      },
      "properties": {
        "deviceid": "device0006",
        "basetopic": "homie"
      },
      "representationProperty": "deviceid",
      "flag": "NEW",
      "label": "device0006",
      "timestamp": 1612376958248,
      "timeToLive": -1
    }
  },
  "mqtt:homie300:NUC_MQTTBroker:device0005": {
    "class": "org.eclipse.smarthome.config.discovery.internal.DiscoveryResultImpl",
    "value": {
      "bridgeUID": {
        "segments": [
          "mqtt",
          "broker",
          "NUC_MQTTBroker"
        ]
      },
      "thingUID": {
        "segments": [
          "mqtt",
          "homie300",
          "NUC_MQTTBroker",
          "device0005"
        ]
      },
      "thingTypeUID": {
        "segments": [
          "mqtt",
          "homie300"
        ]
      },
      "properties": {
        "deviceid": "device0005",
        "basetopic": "homie"
      },
      "representationProperty": "deviceid",
      "flag": "NEW",
      "label": "device0005",
      "timestamp": 1612376958247,
      "timeToLive": -1
    }
  },
  "mqtt:homie300:NUC_MQTTBroker:device0004": {
    "class": "org.eclipse.smarthome.config.discovery.internal.DiscoveryResultImpl",
    "value": {
      "bridgeUID": {
        "segments": [
          "mqtt",
          "broker",
          "NUC_MQTTBroker"
        ]
      },
      "thingUID": {
        "segments": [
          "mqtt",
          "homie300",
          "NUC_MQTTBroker",
          "device0004"
        ]
      },
      "thingTypeUID": {
        "segments": [
          "mqtt",
          "homie300"
        ]
      },
      "properties": {
        "deviceid": "device0004",
        "basetopic": "homie"
      },
      "representationProperty": "deviceid",
      "flag": "NEW",
      "label": "device0004",
      "timestamp": 1612376958245,
      "timeToLive": -1
    }
  },
  "mqtt:homie300:NUC_MQTTBroker:device0003": {
    "class": "org.eclipse.smarthome.config.discovery.internal.DiscoveryResultImpl",
    "value": {
      "bridgeUID": {
        "segments": [
          "mqtt",
          "broker",
          "NUC_MQTTBroker"
        ]
      },
      "thingUID": {
        "segments": [
          "mqtt",
          "homie300",
          "NUC_MQTTBroker",
          "device0003"
        ]
      },
      "thingTypeUID": {
        "segments": [
          "mqtt",
          "homie300"
        ]
      },
      "properties": {
        "deviceid": "device0003",
        "basetopic": "homie"
      },
      "representationProperty": "deviceid",
      "flag": "NEW",
      "label": "device0003",
      "timestamp": 1612376958247,
      "timeToLive": -1
    }
  },
  "mqtt:systemBroker:mqttlocalhost": {
    "class": "org.eclipse.smarthome.config.discovery.internal.DiscoveryResultImpl",
    "value": {
      "thingUID": {
        "segments": [
          "mqtt",
          "systemBroker",
          "mqttlocalhost"
        ]
      },
      "thingTypeUID": {
        "segments": [
          "mqtt",
          "systemBroker"
        ]
      },
      "properties": {
        "host": "192.168.0.173",
        "brokerid": "mqttlocalhost",
        "port": 1883
      },
      "representationProperty": "brokerid",
      "flag": "NEW",
      "label": "MQTT Broker",
      "timestamp": 1612376948198,
      "timeToLive": -1
    }
  },
  "mqtt:homie300:NUC_MQTTBrokerTasm:lumi4cf8cdf3c78bdbblight": {
    "class": "org.eclipse.smarthome.config.discovery.internal.DiscoveryResultImpl",
    "value": {
      "bridgeUID": {
        "segments": [
          "mqtt",
          "broker",
          "NUC_MQTTBrokerTasm"
        ]
      },
      "thingUID": {
        "segments": [
          "mqtt",
          "homie300",
          "NUC_MQTTBrokerTasm",
          "lumi4cf8cdf3c78bdbblight"
        ]
      },
      "thingTypeUID": {
        "segments": [
          "mqtt",
          "homie300"
        ]
      },
      "properties": {
        "deviceid": "lumi4cf8cdf3c78bdbblight",
        "basetopic": "homie"
      },
      "representationProperty": "deviceid",
      "flag": "NEW",
      "label": "lumi4cf8cdf3c78bdbblight",
      "timestamp": 1612376959723,
      "timeToLive": -1
    }
  },
  "miio:unsupported:164E5FB7": {
    "class": "org.eclipse.smarthome.config.discovery.internal.DiscoveryResultImpl",
    "value": {
      "thingUID": {
        "segments": [
          "miio",
          "unsupported",
          "164E5FB7"
        ]
      },
      "thingTypeUID": {
        "segments": [
          "miio",
          "unsupported"
        ]
      },
      "properties": {
        "host": "192.168.0.171",
        "deviceId": "164E5FB7"
      },
      "representationProperty": "deviceId",
      "flag": "NEW",
      "label": "Xiaomi Mi Device 164E5FB7 (374235063) lumi-gateway-mgl03_miio374235063",
      "timestamp": 1612376936665,
      "timeToLive": -1
    }
  },
  "miio:generic:164E5FB7": {
    "class": "org.eclipse.smarthome.config.discovery.internal.DiscoveryResultImpl",
    "value": {
      "thingUID": {
        "segments": [
          "miio",
          "generic",
          "164E5FB7"
        ]
      },
      "thingTypeUID": {
        "segments": [
          "miio",
          "generic"
        ]
      },
      "properties": {
        "host": "192.168.0.171",
        "deviceId": "164E5FB7"
      },
      "representationProperty": "deviceId",
      "flag": "NEW",
      "label": "Xiaomi Mi Device 164E5FB7 (374235063)",
      "timestamp": 1612811937273,
      "timeToLive": -1
    }
  },
  "mqtt:homie300:NUC_MQTTBrokerTasm:0": {
    "class": "org.eclipse.smarthome.config.discovery.internal.DiscoveryResultImpl",
    "value": {
      "bridgeUID": {
        "segments": [
          "mqtt",
          "broker",
          "NUC_MQTTBrokerTasm"
        ]
      },
      "thingUID": {
        "segments": [
          "mqtt",
          "homie300",
          "NUC_MQTTBrokerTasm",
          "0"
        ]
      },
      "thingTypeUID": {
        "segments": [
          "mqtt",
          "homie300"
        ]
      },
      "properties": {
        "deviceid": "0",
        "basetopic": "homie"
      },
      "representationProperty": "deviceid",
      "flag": "NEW",
      "label": "0",
      "timestamp": 1612376958286,
      "timeToLive": -1
    }
  },
  "mqtt:homie300:NUC_MQTTBrokerTasm:device0001": {
    "class": "org.eclipse.smarthome.config.discovery.internal.DiscoveryResultImpl",
    "value": {
      "bridgeUID": {
        "segments": [
          "mqtt",
          "broker",
          "NUC_MQTTBrokerTasm"
        ]
      },
      "thingUID": {
        "segments": [
          "mqtt",
          "homie300",
          "NUC_MQTTBrokerTasm",
          "device0001"
        ]
      },
      "thingTypeUID": {
        "segments": [
          "mqtt",
          "homie300"
        ]
      },
      "properties": {
        "deviceid": "device0001",
        "basetopic": "homie"
      },
      "representationProperty": "deviceid",
      "flag": "NEW",
      "label": "device0001",
      "timestamp": 1612376958241,
      "timeToLive": -1
    }
  },
  "mqtt:homie300:NUC_MQTTBrokerTasm:device0004": {
    "class": "org.eclipse.smarthome.config.discovery.internal.DiscoveryResultImpl",
    "value": {
      "bridgeUID": {
        "segments": [
          "mqtt",
          "broker",
          "NUC_MQTTBrokerTasm"
        ]
      },
      "thingUID": {
        "segments": [
          "mqtt",
          "homie300",
          "NUC_MQTTBrokerTasm",
          "device0004"
        ]
      },
      "thingTypeUID": {
        "segments": [
          "mqtt",
          "homie300"
        ]
      },
      "properties": {
        "deviceid": "device0004",
        "basetopic": "homie"
      },
      "representationProperty": "deviceid",
      "flag": "NEW",
      "label": "device0004",
      "timestamp": 1612376958242,
      "timeToLive": -1
    }
  },
  "mqtt:homie300:NUC_MQTTBrokerTasm:device0005": {
    "class": "org.eclipse.smarthome.config.discovery.internal.DiscoveryResultImpl",
    "value": {
      "bridgeUID": {
        "segments": [
          "mqtt",
          "broker",
          "NUC_MQTTBrokerTasm"
        ]
      },
      "thingUID": {
        "segments": [
          "mqtt",
          "homie300",
          "NUC_MQTTBrokerTasm",
          "device0005"
        ]
      },
      "thingTypeUID": {
        "segments": [
          "mqtt",
          "homie300"
        ]
      },
      "properties": {
        "deviceid": "device0005",
        "basetopic": "homie"
      },
      "representationProperty": "deviceid",
      "flag": "NEW",
      "label": "device0005",
      "timestamp": 1612376958244,
      "timeToLive": -1
    }
  },
  "mqtt:homie300:NUC_MQTTBrokerTasm:device0002": {
    "class": "org.eclipse.smarthome.config.discovery.internal.DiscoveryResultImpl",
    "value": {
      "bridgeUID": {
        "segments": [
          "mqtt",
          "broker",
          "NUC_MQTTBrokerTasm"
        ]
      },
      "thingUID": {
        "segments": [
          "mqtt",
          "homie300",
          "NUC_MQTTBrokerTasm",
          "device0002"
        ]
      },
      "thingTypeUID": {
        "segments": [
          "mqtt",
          "homie300"
        ]
      },
      "properties": {
        "deviceid": "device0002",
        "basetopic": "homie"
      },
      "representationProperty": "deviceid",
      "flag": "NEW",
      "label": "device0002",
      "timestamp": 1612376958242,
      "timeToLive": -1
    }
  },
  "mqtt:homie300:NUC_MQTTBrokerTasm:device0003": {
    "class": "org.eclipse.smarthome.config.discovery.internal.DiscoveryResultImpl",
    "value": {
      "bridgeUID": {
        "segments": [
          "mqtt",
          "broker",
          "NUC_MQTTBrokerTasm"
        ]
      },
      "thingUID": {
        "segments": [
          "mqtt",
          "homie300",
          "NUC_MQTTBrokerTasm",
          "device0003"
        ]
      },
      "thingTypeUID": {
        "segments": [
          "mqtt",
          "homie300"
        ]
      },
      "properties": {
        "deviceid": "device0003",
        "basetopic": "homie"
      },
      "representationProperty": "deviceid",
      "flag": "NEW",
      "label": "device0003",
      "timestamp": 1612376958243,
      "timeToLive": -1
    }
  },
  "mqtt:homie300:NUC_MQTTBrokerTasm:device0008": {
    "class": "org.eclipse.smarthome.config.discovery.internal.DiscoveryResultImpl",
    "value": {
      "bridgeUID": {
        "segments": [
          "mqtt",
          "broker",
          "NUC_MQTTBrokerTasm"
        ]
      },
      "thingUID": {
        "segments": [
          "mqtt",
          "homie300",
          "NUC_MQTTBrokerTasm",
          "device0008"
        ]
      },
      "thingTypeUID": {
        "segments": [
          "mqtt",
          "homie300"
        ]
      },
      "properties": {
        "deviceid": "device0008",
        "basetopic": "homie"
      },
      "representationProperty": "deviceid",
      "flag": "NEW",
      "label": "device0008",
      "timestamp": 1612376958274,
      "timeToLive": -1
    }
  },
  "mqtt:homie300:NUC_MQTTBrokerTasm:device0009": {
    "class": "org.eclipse.smarthome.config.discovery.internal.DiscoveryResultImpl",
    "value": {
      "bridgeUID": {
        "segments": [
          "mqtt",
          "broker",
          "NUC_MQTTBrokerTasm"
        ]
      },
      "thingUID": {
        "segments": [
          "mqtt",
          "homie300",
          "NUC_MQTTBrokerTasm",
          "device0009"
        ]
      },
      "thingTypeUID": {
        "segments": [
          "mqtt",
          "homie300"
        ]
      },
      "properties": {
        "deviceid": "device0009",
        "basetopic": "homie"
      },
      "representationProperty": "deviceid",
      "flag": "NEW",
      "label": "device0009",
      "timestamp": 1612376958273,
      "timeToLive": -1
    }
  },
  "mqtt:homie300:NUC_MQTTBrokerTasm:255326889light": {
    "class": "org.eclipse.smarthome.config.discovery.internal.DiscoveryResultImpl",
    "value": {
      "bridgeUID": {
        "segments": [
          "mqtt",
          "broker",
          "NUC_MQTTBrokerTasm"
        ]
      },
      "thingUID": {
        "segments": [
          "mqtt",
          "homie300",
          "NUC_MQTTBrokerTasm",
          "255326889light"
        ]
      },
      "thingTypeUID": {
        "segments": [
          "mqtt",
          "homie300"
        ]
      },
      "properties": {
        "deviceid": "255326889light",
        "basetopic": "homie"
      },
      "representationProperty": "deviceid",
      "flag": "NEW",
      "label": "255326889light",
      "timestamp": 1612376958302,
      "timeToLive": -1
    }
  },
  "mqtt:homie300:NUC_MQTTBrokerTasm:device0006": {
    "class": "org.eclipse.smarthome.config.discovery.internal.DiscoveryResultImpl",
    "value": {
      "bridgeUID": {
        "segments": [
          "mqtt",
          "broker",
          "NUC_MQTTBrokerTasm"
        ]
      },
      "thingUID": {
        "segments": [
          "mqtt",
          "homie300",
          "NUC_MQTTBrokerTasm",
          "device0006"
        ]
      },
      "thingTypeUID": {
        "segments": [
          "mqtt",
          "homie300"
        ]
      },
      "properties": {
        "deviceid": "device0006",
        "basetopic": "homie"
      },
      "representationProperty": "deviceid",
      "flag": "NEW",
      "label": "device0006",
      "timestamp": 1612376958254,
      "timeToLive": -1
    }
  },
  "mqtt:homie300:NUC_MQTTBrokerTasm:device0007": {
    "class": "org.eclipse.smarthome.config.discovery.internal.DiscoveryResultImpl",
    "value": {
      "bridgeUID": {
        "segments": [
          "mqtt",
          "broker",
          "NUC_MQTTBrokerTasm"
        ]
      },
      "thingUID": {
        "segments": [
          "mqtt",
          "homie300",
          "NUC_MQTTBrokerTasm",
          "device0007"
        ]
      },
      "thingTypeUID": {
        "segments": [
          "mqtt",
          "homie300"
        ]
      },
      "properties": {
        "deviceid": "device0007",
        "basetopic": "homie"
      },
      "representationProperty": "deviceid",
      "flag": "NEW",
      "label": "device0007",
      "timestamp": 1612376958272,
      "timeToLive": -1
    }
  },
  "mqtt:homie300:NUC_MQTTBroker:lumi158d0005425583movement": {
    "class": "org.eclipse.smarthome.config.discovery.internal.DiscoveryResultImpl",
    "value": {
      "bridgeUID": {
        "segments": [
          "mqtt",
          "broker",
          "NUC_MQTTBroker"
        ]
      },
      "thingUID": {
        "segments": [
          "mqtt",
          "homie300",
          "NUC_MQTTBroker",
          "lumi158d0005425583movement"
        ]
      },
      "thingTypeUID": {
        "segments": [
          "mqtt",
          "homie300"
        ]
      },
      "properties": {
        "deviceid": "lumi158d0005425583movement",
        "basetopic": "homie"
      },
      "representationProperty": "deviceid",
      "flag": "NEW",
      "label": "lumi158d0005425583movement",
      "timestamp": 1612376958288,
      "timeToLive": -1
    }
  },
  "mqtt:homie300:NUC_MQTTBroker:lumi158d00040e646ddoor": {
    "class": "org.eclipse.smarthome.config.discovery.internal.DiscoveryResultImpl",
    "value": {
      "bridgeUID": {
        "segments": [
          "mqtt",
          "broker",
          "NUC_MQTTBroker"
        ]
      },
      "thingUID": {
        "segments": [
          "mqtt",
          "homie300",
          "NUC_MQTTBroker",
          "lumi158d00040e646ddoor"
        ]
      },
      "thingTypeUID": {
        "segments": [
          "mqtt",
          "homie300"
        ]
      },
      "properties": {
        "deviceid": "lumi158d00040e646ddoor",
        "basetopic": "homie"
      },
      "representationProperty": "deviceid",
      "flag": "NEW",
      "label": "lumi158d00040e646ddoor",
      "timestamp": 1612376958279,
      "timeToLive": -1
    }
  },
  "mqtt:homie300:NUC_MQTTBrokerTasm:device0011": {
    "class": "org.eclipse.smarthome.config.discovery.internal.DiscoveryResultImpl",
    "value": {
      "bridgeUID": {
        "segments": [
          "mqtt",
          "broker",
          "NUC_MQTTBrokerTasm"
        ]
      },
      "thingUID": {
        "segments": [
          "mqtt",
          "homie300",
          "NUC_MQTTBrokerTasm",
          "device0011"
        ]
      },
      "thingTypeUID": {
        "segments": [
          "mqtt",
          "homie300"
        ]
      },
      "properties": {
        "deviceid": "device0011",
        "basetopic": "homie"
      },
      "representationProperty": "deviceid",
      "flag": "NEW",
      "label": "device0011",
      "timestamp": 1612376958275,
      "timeToLive": -1
    }
  },
  "mqtt:homie300:NUC_MQTTBrokerTasm:device0012": {
    "class": "org.eclipse.smarthome.config.discovery.internal.DiscoveryResultImpl",
    "value": {
      "bridgeUID": {
        "segments": [
          "mqtt",
          "broker",
          "NUC_MQTTBrokerTasm"
        ]
      },
      "thingUID": {
        "segments": [
          "mqtt",
          "homie300",
          "NUC_MQTTBrokerTasm",
          "device0012"
        ]
      },
      "thingTypeUID": {
        "segments": [
          "mqtt",
          "homie300"
        ]
      },
      "properties": {
        "deviceid": "device0012",
        "basetopic": "homie"
      },
      "representationProperty": "deviceid",
      "flag": "NEW",
      "label": "device0012",
      "timestamp": 1612376958278,
      "timeToLive": -1
    }
  },
  "mqtt:homie300:NUC_MQTTBrokerTasm:device0010": {
    "class": "org.eclipse.smarthome.config.discovery.internal.DiscoveryResultImpl",
    "value": {
      "bridgeUID": {
        "segments": [
          "mqtt",
          "broker",
          "NUC_MQTTBrokerTasm"
        ]
      },
      "thingUID": {
        "segments": [
          "mqtt",
          "homie300",
          "NUC_MQTTBrokerTasm",
          "device0010"
        ]
      },
      "thingTypeUID": {
        "segments": [
          "mqtt",
          "homie300"
        ]
      },
      "properties": {
        "deviceid": "device0010",
        "basetopic": "homie"
      },
      "representationProperty": "deviceid",
      "flag": "NEW",
      "label": "device0010",
      "timestamp": 1612376958277,
      "timeToLive": -1
    }
  },
  "mqtt:homie300:NUC_MQTTBrokerTasm:device0015": {
    "class": "org.eclipse.smarthome.config.discovery.internal.DiscoveryResultImpl",
    "value": {
      "bridgeUID": {
        "segments": [
          "mqtt",
          "broker",
          "NUC_MQTTBrokerTasm"
        ]
      },
      "thingUID": {
        "segments": [
          "mqtt",
          "homie300",
          "NUC_MQTTBrokerTasm",
          "device0015"
        ]
      },
      "thingTypeUID": {
        "segments": [
          "mqtt",
          "homie300"
        ]
      },
      "properties": {
        "deviceid": "device0015",
        "basetopic": "homie"
      },
      "representationProperty": "deviceid",
      "flag": "NEW",
      "label": "device0015",
      "timestamp": 1612376958282,
      "timeToLive": -1
    }
  },
  "mqtt:homie300:NUC_MQTTBrokerTasm:device0016": {
    "class": "org.eclipse.smarthome.config.discovery.internal.DiscoveryResultImpl",
    "value": {
      "bridgeUID": {
        "segments": [
          "mqtt",
          "broker",
          "NUC_MQTTBrokerTasm"
        ]
      },
      "thingUID": {
        "segments": [
          "mqtt",
          "homie300",
          "NUC_MQTTBrokerTasm",
          "device0016"
        ]
      },
      "thingTypeUID": {
        "segments": [
          "mqtt",
          "homie300"
        ]
      },
      "properties": {
        "deviceid": "device0016",
        "basetopic": "homie"
      },
      "representationProperty": "deviceid",
      "flag": "NEW",
      "label": "device0016",
      "timestamp": 1612376958283,
      "timeToLive": -1
    }
  },
  "mqtt:homie300:NUC_MQTTBrokerTasm:device0013": {
    "class": "org.eclipse.smarthome.config.discovery.internal.DiscoveryResultImpl",
    "value": {
      "bridgeUID": {
        "segments": [
          "mqtt",
          "broker",
          "NUC_MQTTBrokerTasm"
        ]
      },
      "thingUID": {
        "segments": [
          "mqtt",
          "homie300",
          "NUC_MQTTBrokerTasm",
          "device0013"
        ]
      },
      "thingTypeUID": {
        "segments": [
          "mqtt",
          "homie300"
        ]
      },
      "properties": {
        "deviceid": "device0013",
        "basetopic": "homie"
      },
      "representationProperty": "deviceid",
      "flag": "NEW",
      "label": "device0013",
      "timestamp": 1612376958280,
      "timeToLive": -1
    }
  },
  "mqtt:homie300:NUC_MQTTBrokerTasm:device0014": {
    "class": "org.eclipse.smarthome.config.discovery.internal.DiscoveryResultImpl",
    "value": {
      "bridgeUID": {
        "segments": [
          "mqtt",
          "broker",
          "NUC_MQTTBrokerTasm"
        ]
      },
      "thingUID": {
        "segments": [
          "mqtt",
          "homie300",
          "NUC_MQTTBrokerTasm",
          "device0014"
        ]
      },
      "thingTypeUID": {
        "segments": [
          "mqtt",
          "homie300"
        ]
      },
      "properties": {
        "deviceid": "device0014",
        "basetopic": "homie"
      },
      "representationProperty": "deviceid",
      "flag": "NEW",
      "label": "device0014",
      "timestamp": 1612376958279,
      "timeToLive": -1
    }
  },
  "mqtt:homie300:NUC_MQTTBrokerTasm:lumi158d0004858fe3weather": {
    "class": "org.eclipse.smarthome.config.discovery.internal.DiscoveryResultImpl",
    "value": {
      "bridgeUID": {
        "segments": [
          "mqtt",
          "broker",
          "NUC_MQTTBrokerTasm"
        ]
      },
      "thingUID": {
        "segments": [
          "mqtt",
          "homie300",
          "NUC_MQTTBrokerTasm",
          "lumi158d0004858fe3weather"
        ]
      },
      "thingTypeUID": {
        "segments": [
          "mqtt",
          "homie300"
        ]
      },
      "properties": {
        "deviceid": "lumi158d0004858fe3weather",
        "basetopic": "homie"
      },
      "representationProperty": "deviceid",
      "flag": "NEW",
      "label": "lumi158d0004858fe3weather",
      "timestamp": 1612376958296,
      "timeToLive": -1
    }
  },
  "mqtt:homie300:NUC_MQTTBrokerTasm:device0017": {
    "class": "org.eclipse.smarthome.config.discovery.internal.DiscoveryResultImpl",
    "value": {
      "bridgeUID": {
        "segments": [
          "mqtt",
          "broker",
          "NUC_MQTTBrokerTasm"
        ]
      },
      "thingUID": {
        "segments": [
          "mqtt",
          "homie300",
          "NUC_MQTTBrokerTasm",
          "device0017"
        ]
      },
      "thingTypeUID": {
        "segments": [
          "mqtt",
          "homie300"
        ]
      },
      "properties": {
        "deviceid": "device0017",
        "basetopic": "homie"
      },
      "representationProperty": "deviceid",
      "flag": "NEW",
      "label": "device0017",
      "timestamp": 1612376958284,
      "timeToLive": -1
    }
  },
  "mqtt:homie300:NUC_MQTTBrokerTasm:device0018": {
    "class": "org.eclipse.smarthome.config.discovery.internal.DiscoveryResultImpl",
    "value": {
      "bridgeUID": {
        "segments": [
          "mqtt",
          "broker",
          "NUC_MQTTBrokerTasm"
        ]
      },
      "thingUID": {
        "segments": [
          "mqtt",
          "homie300",
          "NUC_MQTTBrokerTasm",
          "device0018"
        ]
      },
      "thingTypeUID": {
        "segments": [
          "mqtt",
          "homie300"
        ]
      },
      "properties": {
        "deviceid": "device0018",
        "basetopic": "homie"
      },
      "representationProperty": "deviceid",
      "flag": "NEW",
      "label": "device0018",
      "timestamp": 1612376958285,
      "timeToLive": -1
    }
  },
  "mqtt:homie300:NUC_MQTTBrokerTasm:lumi158d000456ed21door": {
    "class": "org.eclipse.smarthome.config.discovery.internal.DiscoveryResultImpl",
    "value": {
      "bridgeUID": {
        "segments": [
          "mqtt",
          "broker",
          "NUC_MQTTBrokerTasm"
        ]
      },
      "thingUID": {
        "segments": [
          "mqtt",
          "homie300",
          "NUC_MQTTBrokerTasm",
          "lumi158d000456ed21door"
        ]
      },
      "thingTypeUID": {
        "segments": [
          "mqtt",
          "homie300"
        ]
      },
      "properties": {
        "deviceid": "lumi158d000456ed21door",
        "basetopic": "homie"
      },
      "representationProperty": "deviceid",
      "flag": "NEW",
      "label": "lumi158d000456ed21door",
      "timestamp": 1612376958301,
      "timeToLive": -1
    }
  },
  "mqtt:homie300:NUC_MQTTBrokerTasm:lumi158d0004872effweather": {
    "class": "org.eclipse.smarthome.config.discovery.internal.DiscoveryResultImpl",
    "value": {
      "bridgeUID": {
        "segments": [
          "mqtt",
          "broker",
          "NUC_MQTTBrokerTasm"
        ]
      },
      "thingUID": {
        "segments": [
          "mqtt",
          "homie300",
          "NUC_MQTTBrokerTasm",
          "lumi158d0004872effweather"
        ]
      },
      "thingTypeUID": {
        "segments": [
          "mqtt",
          "homie300"
        ]
      },
      "properties": {
        "deviceid": "lumi158d0004872effweather",
        "basetopic": "homie"
      },
      "representationProperty": "deviceid",
      "flag": "NEW",
      "label": "lumi158d0004872effweather",
      "timestamp": 1612376958294,
      "timeToLive": -1
    }
  },
  "mqtt:homie300:NUC_MQTTBroker:lumi158d0004858fe3weather": {
    "class": "org.eclipse.smarthome.config.discovery.internal.DiscoveryResultImpl",
    "value": {
      "bridgeUID": {
        "segments": [
          "mqtt",
          "broker",
          "NUC_MQTTBroker"
        ]
      },
      "thingUID": {
        "segments": [
          "mqtt",
          "homie300",
          "NUC_MQTTBroker",
          "lumi158d0004858fe3weather"
        ]
      },
      "thingTypeUID": {
        "segments": [
          "mqtt",
          "homie300"
        ]
      },
      "properties": {
        "deviceid": "lumi158d0004858fe3weather",
        "basetopic": "homie"
      },
      "representationProperty": "deviceid",
      "flag": "NEW",
      "label": "lumi158d0004858fe3weather",
      "timestamp": 1612376958281,
      "timeToLive": -1
    }
  },
  "mqtt:homie300:NUC_MQTTBroker:device0018": {
    "class": "org.eclipse.smarthome.config.discovery.internal.DiscoveryResultImpl",
    "value": {
      "bridgeUID": {
        "segments": [
          "mqtt",
          "broker",
          "NUC_MQTTBroker"
        ]
      },
      "thingUID": {
        "segments": [
          "mqtt",
          "homie300",
          "NUC_MQTTBroker",
          "device0018"
        ]
      },
      "thingTypeUID": {
        "segments": [
          "mqtt",
          "homie300"
        ]
      },
      "properties": {
        "deviceid": "device0018",
        "basetopic": "homie"
      },
      "representationProperty": "deviceid",
      "flag": "NEW",
      "label": "device0018",
      "timestamp": 1612376958277,
      "timeToLive": -1
    }
  },
  "mqtt:homie300:NUC_MQTTBroker:device0017": {
    "class": "org.eclipse.smarthome.config.discovery.internal.DiscoveryResultImpl",
    "value": {
      "bridgeUID": {
        "segments": [
          "mqtt",
          "broker",
          "NUC_MQTTBroker"
        ]
      },
      "thingUID": {
        "segments": [
          "mqtt",
          "homie300",
          "NUC_MQTTBroker",
          "device0017"
        ]
      },
      "thingTypeUID": {
        "segments": [
          "mqtt",
          "homie300"
        ]
      },
      "properties": {
        "deviceid": "device0017",
        "basetopic": "homie"
      },
      "representationProperty": "deviceid",
      "flag": "NEW",
      "label": "device0017",
      "timestamp": 1612376958276,
      "timeToLive": -1
    }
  },
  "mqtt:homie300:NUC_MQTTBroker:device0016": {
    "class": "org.eclipse.smarthome.config.discovery.internal.DiscoveryResultImpl",
    "value": {
      "bridgeUID": {
        "segments": [
          "mqtt",
          "broker",
          "NUC_MQTTBroker"
        ]
      },
      "thingUID": {
        "segments": [
          "mqtt",
          "homie300",
          "NUC_MQTTBroker",
          "device0016"
        ]
      },
      "thingTypeUID": {
        "segments": [
          "mqtt",
          "homie300"
        ]
      },
      "properties": {
        "deviceid": "device0016",
        "basetopic": "homie"
      },
      "representationProperty": "deviceid",
      "flag": "NEW",
      "label": "device0016",
      "timestamp": 1612376958275,
      "timeToLive": -1
    }
  },
  "mqtt:homie300:NUC_MQTTBroker:device0015": {
    "class": "org.eclipse.smarthome.config.discovery.internal.DiscoveryResultImpl",
    "value": {
      "bridgeUID": {
        "segments": [
          "mqtt",
          "broker",
          "NUC_MQTTBroker"
        ]
      },
      "thingUID": {
        "segments": [
          "mqtt",
          "homie300",
          "NUC_MQTTBroker",
          "device0015"
        ]
      },
      "thingTypeUID": {
        "segments": [
          "mqtt",
          "homie300"
        ]
      },
      "properties": {
        "deviceid": "device0015",
        "basetopic": "homie"
      },
      "representationProperty": "deviceid",
      "flag": "NEW",
      "label": "device0015",
      "timestamp": 1612376958274,
      "timeToLive": -1
    }
  },
  "mqtt:homie300:NUC_MQTTBroker:device0014": {
    "class": "org.eclipse.smarthome.config.discovery.internal.DiscoveryResultImpl",
    "value": {
      "bridgeUID": {
        "segments": [
          "mqtt",
          "broker",
          "NUC_MQTTBroker"
        ]
      },
      "thingUID": {
        "segments": [
          "mqtt",
          "homie300",
          "NUC_MQTTBroker",
          "device0014"
        ]
      },
      "thingTypeUID": {
        "segments": [
          "mqtt",
          "homie300"
        ]
      },
      "properties": {
        "deviceid": "device0014",
        "basetopic": "homie"
      },
      "representationProperty": "deviceid",
      "flag": "NEW",
      "label": "device0014",
      "timestamp": 1612376958272,
      "timeToLive": -1
    }
  },
  "mqtt:homie300:NUC_MQTTBroker:255326889light": {
    "class": "org.eclipse.smarthome.config.discovery.internal.DiscoveryResultImpl",
    "value": {
      "bridgeUID": {
        "segments": [
          "mqtt",
          "broker",
          "NUC_MQTTBroker"
        ]
      },
      "thingUID": {
        "segments": [
          "mqtt",
          "homie300",
          "NUC_MQTTBroker",
          "255326889light"
        ]
      },
      "thingTypeUID": {
        "segments": [
          "mqtt",
          "homie300"
        ]
      },
      "properties": {
        "deviceid": "255326889light",
        "basetopic": "homie"
      },
      "representationProperty": "deviceid",
      "flag": "NEW",
      "label": "255326889light",
      "timestamp": 1612376958291,
      "timeToLive": -1
    }
  },
  "mqtt:homie300:NUC_MQTTBrokerTasm:lumi158d0005425583movement": {
    "class": "org.eclipse.smarthome.config.discovery.internal.DiscoveryResultImpl",
    "value": {
      "bridgeUID": {
        "segments": [
          "mqtt",
          "broker",
          "NUC_MQTTBrokerTasm"
        ]
      },
      "thingUID": {
        "segments": [
          "mqtt",
          "homie300",
          "NUC_MQTTBrokerTasm",
          "lumi158d0005425583movement"
        ]
      },
      "thingTypeUID": {
        "segments": [
          "mqtt",
          "homie300"
        ]
      },
      "properties": {
        "deviceid": "lumi158d0005425583movement",
        "basetopic": "homie"
      },
      "representationProperty": "deviceid",
      "flag": "NEW",
      "label": "lumi158d0005425583movement",
      "timestamp": 1612376958299,
      "timeToLive": -1
    }
  },
  "mqtt:homie300:NUC_MQTTBrokerTasm:lumi158d00044e7e73door": {
    "class": "org.eclipse.smarthome.config.discovery.internal.DiscoveryResultImpl",
    "value": {
      "bridgeUID": {
        "segments": [
          "mqtt",
          "broker",
          "NUC_MQTTBrokerTasm"
        ]
      },
      "thingUID": {
        "segments": [
          "mqtt",
          "homie300",
          "NUC_MQTTBrokerTasm",
          "lumi158d00044e7e73door"
        ]
      },
      "thingTypeUID": {
        "segments": [
          "mqtt",
          "homie300"
        ]
      },
      "properties": {
        "deviceid": "lumi158d00044e7e73door",
        "basetopic": "homie"
      },
      "representationProperty": "deviceid",
      "flag": "NEW",
      "label": "lumi158d00044e7e73door",
      "timestamp": 1612376958298,
      "timeToLive": -1
    }
  }
}