{
  "amazonechocontrol:account:119bb5c1": {
    "class": "org.eclipse.smarthome.core.thing.internal.BridgeImpl",
    "value": {
      "label": "Amazon Account",
      "channels": [],
      "configuration": {
        "properties": {}
      },
      "properties": {},
      "uid": {
        "segments": [
          "amazonechocontrol",
          "account",
          "119bb5c1"
        ]
      },
      "thingTypeUID": {
        "segments": [
          "amazonechocontrol",
          "account"
        ]
      }
    }
  },
  "amazonechocontrol:echo:119bb5c1:G090VC0984660563": {
    "class": "org.eclipse.smarthome.core.thing.internal.ThingImpl",
    "value": {
      "label": "Jan\u0027s Echo Dot",
      "bridgeUID": {
        "segments": [
          "amazonechocontrol",
          "account",
          "119bb5c1"
        ]
      },
      "channels": [
        {
          "acceptedItemType": "Player",
          "kind": "STATE",
          "uid": {
            "segments": [
              "amazonechocontrol",
              "echo",
              "119bb5c1",
              "G090VC0984660563",
              "player"
            ]
          },
          "channelTypeUID": {
            "segments": [
              "amazonechocontrol",
              "player"
            ]
          },
          "label": "Player",
          "description": "Music Player",
          "configuration": {
            "properties": {}
          },
          "properties": {},
          "defaultTags": []
        },
        {
          "acceptedItemType": "Dimmer",
          "kind": "STATE",
          "uid": {
            "segments": [
              "amazonechocontrol",
              "echo",
              "119bb5c1",
              "G090VC0984660563",
              "mediaProgress"
            ]
          },
          "channelTypeUID": {
            "segments": [
              "amazonechocontrol",
              "mediaProgress"
            ]
          },
          "label": "Media progress",
          "description": "Media progress in percent",
          "configuration": {
            "properties": {}
          },
          "properties": {},
          "defaultTags": []
        },
        {
          "acceptedItemType": "Number:Time",
          "kind": "STATE",
          "uid": {
            "segments": [
              "amazonechocontrol",
              "echo",
              "119bb5c1",
              "G090VC0984660563",
              "mediaProgressTime"
            ]
          },
          "channelTypeUID": {
            "segments": [
              "amazonechocontrol",
              "mediaProgressTime"
            ]
          },
          "label": "Media play time",
          "description": "Media play time",
          "configuration": {
            "properties": {}
          },
          "properties": {},
          "defaultTags": []
        },
        {
          "acceptedItemType": "Number:Time",
          "kind": "STATE",
          "uid": {
            "segments": [
              "amazonechocontrol",
              "echo",
              "119bb5c1",
              "G090VC0984660563",
              "mediaLength"
            ]
          },
          "channelTypeUID": {
            "segments": [
              "amazonechocontrol",
              "mediaLength"
            ]
          },
          "label": "Media length",
          "description": "Media length",
          "configuration": {
            "properties": {}
          },
          "properties": {},
          "defaultTags": []
        },
        {
          "acceptedItemType": "Dimmer",
          "kind": "STATE",
          "uid": {
            "segments": [
              "amazonechocontrol",
              "echo",
              "119bb5c1",
              "G090VC0984660563",
              "volume"
            ]
          },
          "channelTypeUID": {
            "segments": [
              "amazonechocontrol",
              "volume"
            ]
          },
          "label": "Volume",
          "description": "Volume of the sound",
          "configuration": {
            "properties": {}
          },
          "properties": {},
          "defaultTags": []
        },
        {
          "acceptedItemType": "Switch",
          "kind": "STATE",
          "uid": {
            "segments": [
              "amazonechocontrol",
              "echo",
              "119bb5c1",
              "G090VC0984660563",
              "shuffle"
            ]
          },
          "channelTypeUID": {
            "segments": [
              "amazonechocontrol",
              "shuffle"
            ]
          },
          "label": "Shuffle",
          "description": "Shuffle play",
          "configuration": {
            "properties": {}
          },
          "properties": {},
          "defaultTags": []
        },
        {
          "acceptedItemType": "String",
          "kind": "STATE",
          "uid": {
            "segments": [
              "amazonechocontrol",
              "echo",
              "119bb5c1",
              "G090VC0984660563",
              "imageUrl"
            ]
          },
          "channelTypeUID": {
            "segments": [
              "amazonechocontrol",
              "imageUrl"
            ]
          },
          "label": "Image url",
          "description": "Url of the album image or radio station logo",
          "configuration": {
            "properties": {}
          },
          "properties": {},
          "defaultTags": []
        },
        {
          "acceptedItemType": "String",
          "kind": "STATE",
          "uid": {
            "segments": [
              "amazonechocontrol",
              "echo",
              "119bb5c1",
              "G090VC0984660563",
              "title"
            ]
          },
          "channelTypeUID": {
            "segments": [
              "amazonechocontrol",
              "title"
            ]
          },
          "label": "Title",
          "description": "Title",
          "configuration": {
            "properties": {}
          },
          "properties": {},
          "defaultTags": []
        },
        {
          "acceptedItemType": "String",
          "kind": "STATE",
          "uid": {
            "segments": [
              "amazonechocontrol",
              "echo",
              "119bb5c1",
              "G090VC0984660563",
              "subtitle1"
            ]
          },
          "channelTypeUID": {
            "segments": [
              "amazonechocontrol",
              "subtitle1"
            ]
          },
          "label": "Subtitle 1",
          "description": "Subtitle 1",
          "configuration": {
            "properties": {}
          },
          "properties": {},
          "defaultTags": []
        },
        {
          "acceptedItemType": "String",
          "kind": "STATE",
          "uid": {
            "segments": [
              "amazonechocontrol",
              "echo",
              "119bb5c1",
              "G090VC0984660563",
              "subtitle2"
            ]
          },
          "channelTypeUID": {
            "segments": [
              "amazonechocontrol",
              "subtitle2"
            ]
          },
          "label": "Subtitle 2",
          "description": "Subtitle 2",
          "configuration": {
            "properties": {}
          },
          "properties": {},
          "defaultTags": []
        },
        {
          "acceptedItemType": "String",
          "kind": "STATE",
          "uid": {
            "segments": [
              "amazonechocontrol",
              "echo",
              "119bb5c1",
              "G090VC0984660563",
              "providerDisplayName"
            ]
          },
          "channelTypeUID": {
            "segments": [
              "amazonechocontrol",
              "providerDisplayName"
            ]
          },
          "label": "Provider Name",
          "description": "Name of music provider",
          "configuration": {
            "properties": {}
          },
          "properties": {},
          "defaultTags": []
        },
        {
          "acceptedItemType": "String",
          "kind": "STATE",
          "uid": {
            "segments": [
              "amazonechocontrol",
              "echo",
              "119bb5c1",
              "G090VC0984660563",
              "musicProviderId"
            ]
          },
          "channelTypeUID": {
            "segments": [
              "amazonechocontrol",
              "musicProviderId"
            ]
          },
          "label": "Music provider",
          "description": "Music provider",
          "configuration": {
            "properties": {}
          },
          "properties": {},
          "defaultTags": []
        },
        {
          "acceptedItemType": "String",
          "kind": "STATE",
          "uid": {
            "segments": [
              "amazonechocontrol",
              "echo",
              "119bb5c1",
              "G090VC0984660563",
              "playMusicVoiceCommand"
            ]
          },
          "channelTypeUID": {
            "segments": [
              "amazonechocontrol",
              "playMusicVoiceCommand"
            ]
          },
          "label": "Music voice command",
          "description": "Voice command as text. E.g. \u0027Yesterday from the Beatles\u0027 (Write only)",
          "configuration": {
            "properties": {}
          },
          "properties": {},
          "defaultTags": []
        },
        {
          "acceptedItemType": "String",
          "kind": "STATE",
          "uid": {
            "segments": [
              "amazonechocontrol",
              "echo",
              "119bb5c1",
              "G090VC0984660563",
              "startCommand"
            ]
          },
          "channelTypeUID": {
            "segments": [
              "amazonechocontrol",
              "startCommand"
            ]
          },
          "label": "Start",
          "description": "Start information (Write only)",
          "configuration": {
            "properties": {}
          },
          "properties": {},
          "defaultTags": []
        },
        {
          "acceptedItemType": "String",
          "kind": "STATE",
          "uid": {
            "segments": [
              "amazonechocontrol",
              "echo",
              "119bb5c1",
              "G090VC0984660563",
              "radioStationId"
            ]
          },
          "channelTypeUID": {
            "segments": [
              "amazonechocontrol",
              "radioStationId"
            ]
          },
          "label": "TuneIn Radio station id",
          "description": "Id of the radio station",
          "configuration": {
            "properties": {}
          },
          "properties": {},
          "defaultTags": []
        },
        {
          "acceptedItemType": "Switch",
          "kind": "STATE",
          "uid": {
            "segments": [
              "amazonechocontrol",
              "echo",
              "119bb5c1",
              "G090VC0984660563",
              "radio"
            ]
          },
          "channelTypeUID": {
            "segments": [
              "amazonechocontrol",
              "radio"
            ]
          },
          "label": "TuneIn radio",
          "description": "Radio turned on",
          "configuration": {
            "properties": {}
          },
          "properties": {},
          "defaultTags": []
        },
        {
          "acceptedItemType": "String",
          "kind": "STATE",
          "uid": {
            "segments": [
              "amazonechocontrol",
              "echo",
              "119bb5c1",
              "G090VC0984660563",
              "amazonMusicTrackId"
            ]
          },
          "channelTypeUID": {
            "segments": [
              "amazonechocontrol",
              "amazonMusicTrackId"
            ]
          },
          "label": "Amazon music track id",
          "description": "Id of the amazon music track",
          "configuration": {
            "properties": {}
          },
          "properties": {},
          "defaultTags": []
        },
        {
          "acceptedItemType": "String",
          "kind": "STATE",
          "uid": {
            "segments": [
              "amazonechocontrol",
              "echo",
              "119bb5c1",
              "G090VC0984660563",
              "amazonMusicPlayListId"
            ]
          },
          "channelTypeUID": {
            "segments": [
              "amazonechocontrol",
              "amazonMusicPlayListId"
            ]
          },
          "label": "Amazon music play list id",
          "description": "Amazon Music play list id (Write only, no current state)",
          "configuration": {
            "properties": {}
          },
          "properties": {},
          "defaultTags": []
        },
        {
          "acceptedItemType": "Switch",
          "kind": "STATE",
          "uid": {
            "segments": [
              "amazonechocontrol",
              "echo",
              "119bb5c1",
              "G090VC0984660563",
              "amazonMusic"
            ]
          },
          "channelTypeUID": {
            "segments": [
              "amazonechocontrol",
              "amazonMusic"
            ]
          },
          "label": "Amazon music",
          "description": "Amazon Music turned on",
          "configuration": {
            "properties": {}
          },
          "properties": {},
          "defaultTags": []
        },
        {
          "acceptedItemType": "String",
          "kind": "STATE",
          "uid": {
            "segments": [
              "amazonechocontrol",
              "echo",
              "119bb5c1",
              "G090VC0984660563",
              "textToSpeech"
            ]
          },
          "channelTypeUID": {
            "segments": [
              "amazonechocontrol",
              "textToSpeech"
            ]
          },
          "label": "Speak",
          "description": "Speak the text (Write only)",
          "configuration": {
            "properties": {}
          },
          "properties": {},
          "defaultTags": []
        },
        {
          "acceptedItemType": "Dimmer",
          "kind": "STATE",
          "uid": {
            "segments": [
              "amazonechocontrol",
              "echo",
              "119bb5c1",
              "G090VC0984660563",
              "textToSpeechVolume"
            ]
          },
          "channelTypeUID": {
            "segments": [
              "amazonechocontrol",
              "textToSpeechVolume"
            ]
          },
          "label": "Speak volume",
          "description": "Volume of the Speak channel. If 0, the current volume will be used.",
          "configuration": {
            "properties": {}
          },
          "properties": {},
          "defaultTags": []
        },
        {
          "acceptedItemType": "String",
          "kind": "STATE",
          "uid": {
            "segments": [
              "amazonechocontrol",
              "echo",
              "119bb5c1",
              "G090VC0984660563",
              "remind"
            ]
          },
          "channelTypeUID": {
            "segments": [
              "amazonechocontrol",
              "remind"
            ]
          },
          "label": "Remind",
          "description": "Speak the reminder and send a notification to the Alexa app",
          "configuration": {
            "properties": {}
          },
          "properties": {},
          "defaultTags": []
        },
        {
          "acceptedItemType": "String",
          "kind": "STATE",
          "uid": {
            "segments": [
              "amazonechocontrol",
              "echo",
              "119bb5c1",
              "G090VC0984660563",
              "playAlarmSound"
            ]
          },
          "channelTypeUID": {
            "segments": [
              "amazonechocontrol",
              "playAlarmSound"
            ]
          },
          "label": "Alarm Sound",
          "description": "Plays an alarm sound",
          "configuration": {
            "properties": {}
          },
          "properties": {},
          "defaultTags": []
        },
        {
          "acceptedItemType": "String",
          "kind": "STATE",
          "uid": {
            "segments": [
              "amazonechocontrol",
              "echo",
              "119bb5c1",
              "G090VC0984660563",
              "startRoutine"
            ]
          },
          "channelTypeUID": {
            "segments": [
              "amazonechocontrol",
              "startRoutine"
            ]
          },
          "label": "Start a routine",
          "description": "The command which must be spoken to active the routing without the preceding \"Alexa,\" (Write Only)",
          "configuration": {
            "properties": {}
          },
          "properties": {},
          "defaultTags": []
        },
        {
          "acceptedItemType": "String",
          "kind": "STATE",
          "uid": {
            "segments": [
              "amazonechocontrol",
              "echo",
              "119bb5c1",
              "G090VC0984660563",
              "bluetoothMAC"
            ]
          },
          "channelTypeUID": {
            "segments": [
              "amazonechocontrol",
              "bluetoothMAC"
            ]
          },
          "label": "Bluetooth connection",
          "description": "MAC-Address of the bluetooth connected device",
          "configuration": {
            "properties": {}
          },
          "properties": {},
          "defaultTags": []
        },
        {
          "acceptedItemType": "Switch",
          "kind": "STATE",
          "uid": {
            "segments": [
              "amazonechocontrol",
              "echo",
              "119bb5c1",
              "G090VC0984660563",
              "bluetooth"
            ]
          },
          "channelTypeUID": {
            "segments": [
              "amazonechocontrol",
              "bluetooth"
            ]
          },
          "label": "Bluetooth Connection",
          "description": "Connect to last used device",
          "configuration": {
            "properties": {}
          },
          "properties": {},
          "defaultTags": []
        },
        {
          "acceptedItemType": "String",
          "kind": "STATE",
          "uid": {
            "segments": [
              "amazonechocontrol",
              "echo",
              "119bb5c1",
              "G090VC0984660563",
              "bluetoothDeviceName"
            ]
          },
          "channelTypeUID": {
            "segments": [
              "amazonechocontrol",
              "bluetoothDeviceName"
            ]
          },
          "label": "Bluetooth device",
          "description": "Connected bluetooth device",
          "configuration": {
            "properties": {}
          },
          "properties": {},
          "defaultTags": []
        },
        {
          "acceptedItemType": "String",
          "kind": "STATE",
          "uid": {
            "segments": [
              "amazonechocontrol",
              "echo",
              "119bb5c1",
              "G090VC0984660563",
              "lastVoiceCommand"
            ]
          },
          "channelTypeUID": {
            "segments": [
              "amazonechocontrol",
              "lastVoiceCommand"
            ]
          },
          "label": "Last voice command",
          "description": "Last voice command spoken to the device. Writing to the channel starts voice output.",
          "configuration": {
            "properties": {}
          },
          "properties": {},
          "defaultTags": []
        },
        {
          "acceptedItemType": "Dimmer",
          "kind": "STATE",
          "uid": {
            "segments": [
              "amazonechocontrol",
              "echo",
              "119bb5c1",
              "G090VC0984660563",
              "notificationVolume"
            ]
          },
          "channelTypeUID": {
            "segments": [
              "amazonechocontrol",
              "notificationVolume"
            ]
          },
          "label": "Notification volume",
          "description": "Notification volume",
          "configuration": {
            "properties": {}
          },
          "properties": {},
          "defaultTags": []
        },
        {
          "acceptedItemType": "Switch",
          "kind": "STATE",
          "uid": {
            "segments": [
              "amazonechocontrol",
              "echo",
              "119bb5c1",
              "G090VC0984660563",
              "ascendingAlarm"
            ]
          },
          "channelTypeUID": {
            "segments": [
              "amazonechocontrol",
              "ascendingAlarm"
            ]
          },
          "label": "Ascending alarm",
          "description": "Ascending alarm up to the configured volume",
          "configuration": {
            "properties": {}
          },
          "properties": {},
          "defaultTags": []
        }
      ],
      "configuration": {
        "properties": {
          "serialNumber": "G090VC0984660563"
        }
      },
      "properties": {
        "deviceFamily": "ECHO"
      },
      "uid": {
        "segments": [
          "amazonechocontrol",
          "echo",
          "119bb5c1",
          "G090VC0984660563"
        ]
      },
      "thingTypeUID": {
        "segments": [
          "amazonechocontrol",
          "echo"
        ]
      }
    }
  },
  "miio:generic:164E5FB7": {
    "class": "org.eclipse.smarthome.core.thing.internal.ThingImpl",
    "value": {
      "label": "Mi Smart Hub",
      "channels": [
        {
          "acceptedItemType": "String",
          "kind": "STATE",
          "uid": {
            "segments": [
              "miio",
              "generic",
              "164E5FB7",
              "network#ssid"
            ]
          },
          "channelTypeUID": {
            "segments": [
              "miio",
              "ssid"
            ]
          },
          "label": "SSID",
          "configuration": {
            "properties": {}
          },
          "properties": {},
          "defaultTags": []
        },
        {
          "acceptedItemType": "String",
          "kind": "STATE",
          "uid": {
            "segments": [
              "miio",
              "generic",
              "164E5FB7",
              "network#bssid"
            ]
          },
          "channelTypeUID": {
            "segments": [
              "miio",
              "bssid"
            ]
          },
          "label": "BSSID",
          "configuration": {
            "properties": {}
          },
          "properties": {},
          "defaultTags": []
        },
        {
          "acceptedItemType": "Number",
          "kind": "STATE",
          "uid": {
            "segments": [
              "miio",
              "generic",
              "164E5FB7",
              "network#rssi"
            ]
          },
          "channelTypeUID": {
            "segments": [
              "miio",
              "rssi"
            ]
          },
          "label": "RSSI",
          "configuration": {
            "properties": {}
          },
          "properties": {},
          "defaultTags": []
        },
        {
          "acceptedItemType": "Number",
          "kind": "STATE",
          "uid": {
            "segments": [
              "miio",
              "generic",
              "164E5FB7",
              "network#life"
            ]
          },
          "channelTypeUID": {
            "segments": [
              "miio",
              "life"
            ]
          },
          "label": "Life",
          "configuration": {
            "properties": {}
          },
          "properties": {},
          "defaultTags": []
        },
        {
          "acceptedItemType": "Switch",
          "kind": "STATE",
          "uid": {
            "segments": [
              "miio",
              "generic",
              "164E5FB7",
              "actions#power"
            ]
          },
          "channelTypeUID": {
            "segments": [
              "miio",
              "power"
            ]
          },
          "label": "Power On/Off",
          "configuration": {
            "properties": {}
          },
          "properties": {},
          "defaultTags": []
        },
        {
          "acceptedItemType": "String",
          "kind": "STATE",
          "uid": {
            "segments": [
              "miio",
              "generic",
              "164E5FB7",
              "actions#commands"
            ]
          },
          "channelTypeUID": {
            "segments": [
              "miio",
              "commands"
            ]
          },
          "label": "Execute Command",
          "configuration": {
            "properties": {}
          },
          "properties": {},
          "defaultTags": []
        },
        {
          "acceptedItemType": "Switch",
          "kind": "STATE",
          "uid": {
            "segments": [
              "miio",
              "generic",
              "164E5FB7",
              "actions#testcommands"
            ]
          },
          "channelTypeUID": {
            "segments": [
              "miio",
              "testcommands"
            ]
          },
          "label": "(experimental)Execute Test Commands",
          "description": "(experimental)Execute Test Commands to support development for your device. (NB device can switch modes)",
          "configuration": {
            "properties": {}
          },
          "properties": {},
          "defaultTags": []
        }
      ],
      "configuration": {
        "properties": {
          "host": "192.168.0.171",
          "deviceId": "164E5FB7",
          "refreshInterval": 30,
          "timeout": 15000
        }
      },
      "properties": {
        "vendor": "Xiaomi"
      },
      "uid": {
        "segments": [
          "miio",
          "generic",
          "164E5FB7"
        ]
      },
      "thingTypeUID": {
        "segments": [
          "miio",
          "generic"
        ]
      }
    }
  },
  "amazonechocontrol:flashbriefingprofile:119bb5c1:1": {
    "class": "org.eclipse.smarthome.core.thing.internal.ThingImpl",
    "value": {
      "label": "FlashBriefing 1",
      "bridgeUID": {
        "segments": [
          "amazonechocontrol",
          "account",
          "119bb5c1"
        ]
      },
      "channels": [
        {
          "acceptedItemType": "Switch",
          "kind": "STATE",
          "uid": {
            "segments": [
              "amazonechocontrol",
              "flashbriefingprofile",
              "119bb5c1",
              "1",
              "save"
            ]
          },
          "channelTypeUID": {
            "segments": [
              "amazonechocontrol",
              "save"
            ]
          },
          "label": "Save",
          "description": "Save the current flash briefing configuration (Write only)",
          "configuration": {
            "properties": {}
          },
          "properties": {},
          "defaultTags": []
        },
        {
          "acceptedItemType": "Switch",
          "kind": "STATE",
          "uid": {
            "segments": [
              "amazonechocontrol",
              "flashbriefingprofile",
              "119bb5c1",
              "1",
              "active"
            ]
          },
          "channelTypeUID": {
            "segments": [
              "amazonechocontrol",
              "active"
            ]
          },
          "label": "Active",
          "description": "Activate this flash briefing configuration",
          "configuration": {
            "properties": {}
          },
          "properties": {},
          "defaultTags": []
        },
        {
          "acceptedItemType": "String",
          "kind": "STATE",
          "uid": {
            "segments": [
              "amazonechocontrol",
              "flashbriefingprofile",
              "119bb5c1",
              "1",
              "playOnDevice"
            ]
          },
          "channelTypeUID": {
            "segments": [
              "amazonechocontrol",
              "playOnDevice"
            ]
          },
          "label": "Play On Device",
          "description": "Plays the briefing on the device (serial number or name, write only)",
          "configuration": {
            "properties": {}
          },
          "properties": {},
          "defaultTags": []
        }
      ],
      "configuration": {
        "properties": {}
      },
      "properties": {
        "configurationJson": "[{\"feedId\":{\"value\":\"793d6df5-6962-4e39-9eb0-8135c5015db8\"},\"skillId\":\"amzn1.ask.skill.5ed629bb-1036-415b-986c-5d8e7042f3a2\"},{\"feedId\":{\"value\":\"a07ebb8e-73eb-4eec-a044-5905e975357c\"},\"skillId\":\"amzn1.ask.skill.c86d0fa8-0307-471b-82af-aa71b816acc4\"}]"
      },
      "uid": {
        "segments": [
          "amazonechocontrol",
          "flashbriefingprofile",
          "119bb5c1",
          "1"
        ]
      },
      "thingTypeUID": {
        "segments": [
          "amazonechocontrol",
          "flashbriefingprofile"
        ]
      }
    }
  }
}