{
  "amazonechocontrol:account:119bb5c1": {
    "class": "org.eclipse.smarthome.core.thing.internal.BridgeImpl",
    "value": {
      "label": "Amazon Account",
      "channels": [],
      "configuration": {
        "properties": {}
      },
      "properties": {},
      "uid": {
        "segments": [
          "amazonechocontrol",
          "account",
          "119bb5c1"
        ]
      },
      "thingTypeUID": {
        "segments": [
          "amazonechocontrol",
          "account"
        ]
      }
    }
  },
  "amazonechocontrol:echo:119bb5c1:G090VC0984660563": {
    "class": "org.eclipse.smarthome.core.thing.internal.ThingImpl",
    "value": {
      "label": "Jan\u0027s Echo Dot",
      "bridgeUID": {
        "segments": [
          "amazonechocontrol",
          "account",
          "119bb5c1"
        ]
      },
      "channels": [
        {
          "acceptedItemType": "Player",
          "kind": "STATE",
          "uid": {
            "segments": [
              "amazonechocontrol",
              "echo",
              "119bb5c1",
              "G090VC0984660563",
              "player"
            ]
          },
          "channelTypeUID": {
            "segments": [
              "amazonechocontrol",
              "player"
            ]
          },
          "label": "Player",
          "description": "Music Player",
          "configuration": {
            "properties": {}
          },
          "properties": {},
          "defaultTags": []
        },
        {
          "acceptedItemType": "Dimmer",
          "kind": "STATE",
          "uid": {
            "segments": [
              "amazonechocontrol",
              "echo",
              "119bb5c1",
              "G090VC0984660563",
              "mediaProgress"
            ]
          },
          "channelTypeUID": {
            "segments": [
              "amazonechocontrol",
              "mediaProgress"
            ]
          },
          "label": "Media progress",
          "description": "Media progress in percent",
          "configuration": {
            "properties": {}
          },
          "properties": {},
          "defaultTags": []
        },
        {
          "acceptedItemType": "Number:Time",
          "kind": "STATE",
          "uid": {
            "segments": [
              "amazonechocontrol",
              "echo",
              "119bb5c1",
              "G090VC0984660563",
              "mediaProgressTime"
            ]
          },
          "channelTypeUID": {
            "segments": [
              "amazonechocontrol",
              "mediaProgressTime"
            ]
          },
          "label": "Media play time",
          "description": "Media play time",
          "configuration": {
            "properties": {}
          },
          "properties": {},
          "defaultTags": []
        },
        {
          "acceptedItemType": "Number:Time",
          "kind": "STATE",
          "uid": {
            "segments": [
              "amazonechocontrol",
              "echo",
              "119bb5c1",
              "G090VC0984660563",
              "mediaLength"
            ]
          },
          "channelTypeUID": {
            "segments": [
              "amazonechocontrol",
              "mediaLength"
            ]
          },
          "label": "Media length",
          "description": "Media length",
          "configuration": {
            "properties": {}
          },
          "properties": {},
          "defaultTags": []
        },
        {
          "acceptedItemType": "Dimmer",
          "kind": "STATE",
          "uid": {
            "segments": [
              "amazonechocontrol",
              "echo",
              "119bb5c1",
              "G090VC0984660563",
              "volume"
            ]
          },
          "channelTypeUID": {
            "segments": [
              "amazonechocontrol",
              "volume"
            ]
          },
          "label": "Volume",
          "description": "Volume of the sound",
          "configuration": {
            "properties": {}
          },
          "properties": {},
          "defaultTags": []
        },
        {
          "acceptedItemType": "Switch",
          "kind": "STATE",
          "uid": {
            "segments": [
              "amazonechocontrol",
              "echo",
              "119bb5c1",
              "G090VC0984660563",
              "shuffle"
            ]
          },
          "channelTypeUID": {
            "segments": [
              "amazonechocontrol",
              "shuffle"
            ]
          },
          "label": "Shuffle",
          "description": "Shuffle play",
          "configuration": {
            "properties": {}
          },
          "properties": {},
          "defaultTags": []
        },
        {
          "acceptedItemType": "String",
          "kind": "STATE",
          "uid": {
            "segments": [
              "amazonechocontrol",
              "echo",
              "119bb5c1",
              "G090VC0984660563",
              "imageUrl"
            ]
          },
          "channelTypeUID": {
            "segments": [
              "amazonechocontrol",
              "imageUrl"
            ]
          },
          "label": "Image url",
          "description": "Url of the album image or radio station logo",
          "configuration": {
            "properties": {}
          },
          "properties": {},
          "defaultTags": []
        },
        {
          "acceptedItemType": "String",
          "kind": "STATE",
          "uid": {
            "segments": [
              "amazonechocontrol",
              "echo",
              "119bb5c1",
              "G090VC0984660563",
              "title"
            ]
          },
          "channelTypeUID": {
            "segments": [
              "amazonechocontrol",
              "title"
            ]
          },
          "label": "Title",
          "description": "Title",
          "configuration": {
            "properties": {}
          },
          "properties": {},
          "defaultTags": []
        },
        {
          "acceptedItemType": "String",
          "kind": "STATE",
          "uid": {
            "segments": [
              "amazonechocontrol",
              "echo",
              "119bb5c1",
              "G090VC0984660563",
              "subtitle1"
            ]
          },
          "channelTypeUID": {
            "segments": [
              "amazonechocontrol",
              "subtitle1"
            ]
          },
          "label": "Subtitle 1",
          "description": "Subtitle 1",
          "configuration": {
            "properties": {}
          },
          "properties": {},
          "defaultTags": []
        },
        {
          "acceptedItemType": "String",
          "kind": "STATE",
          "uid": {
            "segments": [
              "amazonechocontrol",
              "echo",
              "119bb5c1",
              "G090VC0984660563",
              "subtitle2"
            ]
          },
          "channelTypeUID": {
            "segments": [
              "amazonechocontrol",
              "subtitle2"
            ]
          },
          "label": "Subtitle 2",
          "description": "Subtitle 2",
          "configuration": {
            "properties": {}
          },
          "properties": {},
          "defaultTags": []
        },
        {
          "acceptedItemType": "String",
          "kind": "STATE",
          "uid": {
            "segments": [
              "amazonechocontrol",
              "echo",
              "119bb5c1",
              "G090VC0984660563",
              "providerDisplayName"
            ]
          },
          "channelTypeUID": {
            "segments": [
              "amazonechocontrol",
              "providerDisplayName"
            ]
          },
          "label": "Provider Name",
          "description": "Name of music provider",
          "configuration": {
            "properties": {}
          },
          "properties": {},
          "defaultTags": []
        },
        {
          "acceptedItemType": "String",
          "kind": "STATE",
          "uid": {
            "segments": [
              "amazonechocontrol",
              "echo",
              "119bb5c1",
              "G090VC0984660563",
              "musicProviderId"
            ]
          },
          "channelTypeUID": {
            "segments": [
              "amazonechocontrol",
              "musicProviderId"
            ]
          },
          "label": "Music provider",
          "description": "Music provider",
          "configuration": {
            "properties": {}
          },
          "properties": {},
          "defaultTags": []
        },
        {
          "acceptedItemType": "String",
          "kind": "STATE",
          "uid": {
            "segments": [
              "amazonechocontrol",
              "echo",
              "119bb5c1",
              "G090VC0984660563",
              "playMusicVoiceCommand"
            ]
          },
          "channelTypeUID": {
            "segments": [
              "amazonechocontrol",
              "playMusicVoiceCommand"
            ]
          },
          "label": "Music voice command",
          "description": "Voice command as text. E.g. \u0027Yesterday from the Beatles\u0027 (Write only)",
          "configuration": {
            "properties": {}
          },
          "properties": {},
          "defaultTags": []
        },
        {
          "acceptedItemType": "String",
          "kind": "STATE",
          "uid": {
            "segments": [
              "amazonechocontrol",
              "echo",
              "119bb5c1",
              "G090VC0984660563",
              "startCommand"
            ]
          },
          "channelTypeUID": {
            "segments": [
              "amazonechocontrol",
              "startCommand"
            ]
          },
          "label": "Start",
          "description": "Start information (Write only)",
          "configuration": {
            "properties": {}
          },
          "properties": {},
          "defaultTags": []
        },
        {
          "acceptedItemType": "String",
          "kind": "STATE",
          "uid": {
            "segments": [
              "amazonechocontrol",
              "echo",
              "119bb5c1",
              "G090VC0984660563",
              "radioStationId"
            ]
          },
          "channelTypeUID": {
            "segments": [
              "amazonechocontrol",
              "radioStationId"
            ]
          },
          "label": "TuneIn Radio station id",
          "description": "Id of the radio station",
          "configuration": {
            "properties": {}
          },
          "properties": {},
          "defaultTags": []
        },
        {
          "acceptedItemType": "Switch",
          "kind": "STATE",
          "uid": {
            "segments": [
              "amazonechocontrol",
              "echo",
              "119bb5c1",
              "G090VC0984660563",
              "radio"
            ]
          },
          "channelTypeUID": {
            "segments": [
              "amazonechocontrol",
              "radio"
            ]
          },
          "label": "TuneIn radio",
          "description": "Radio turned on",
          "configuration": {
            "properties": {}
          },
          "properties": {},
          "defaultTags": []
        },
        {
          "acceptedItemType": "String",
          "kind": "STATE",
          "uid": {
            "segments": [
              "amazonechocontrol",
              "echo",
              "119bb5c1",
              "G090VC0984660563",
              "amazonMusicTrackId"
            ]
          },
          "channelTypeUID": {
            "segments": [
              "amazonechocontrol",
              "amazonMusicTrackId"
            ]
          },
          "label": "Amazon music track id",
          "description": "Id of the amazon music track",
          "configuration": {
            "properties": {}
          },
          "properties": {},
          "defaultTags": []
        },
        {
          "acceptedItemType": "String",
          "kind": "STATE",
          "uid": {
            "segments": [
              "amazonechocontrol",
              "echo",
              "119bb5c1",
              "G090VC0984660563",
              "amazonMusicPlayListId"
            ]
          },
          "channelTypeUID": {
            "segments": [
              "amazonechocontrol",
              "amazonMusicPlayListId"
            ]
          },
          "label": "Amazon music play list id",
          "description": "Amazon Music play list id (Write only, no current state)",
          "configuration": {
            "properties": {}
          },
          "properties": {},
          "defaultTags": []
        },
        {
          "acceptedItemType": "Switch",
          "kind": "STATE",
          "uid": {
            "segments": [
              "amazonechocontrol",
              "echo",
              "119bb5c1",
              "G090VC0984660563",
              "amazonMusic"
            ]
          },
          "channelTypeUID": {
            "segments": [
              "amazonechocontrol",
              "amazonMusic"
            ]
          },
          "label": "Amazon music",
          "description": "Amazon Music turned on",
          "configuration": {
            "properties": {}
          },
          "properties": {},
          "defaultTags": []
        },
        {
          "acceptedItemType": "String",
          "kind": "STATE",
          "uid": {
            "segments": [
              "amazonechocontrol",
              "echo",
              "119bb5c1",
              "G090VC0984660563",
              "textToSpeech"
            ]
          },
          "channelTypeUID": {
            "segments": [
              "amazonechocontrol",
              "textToSpeech"
            ]
          },
          "label": "Speak",
          "description": "Speak the text (Write only)",
          "configuration": {
            "properties": {}
          },
          "properties": {},
          "defaultTags": []
        },
        {
          "acceptedItemType": "Dimmer",
          "kind": "STATE",
          "uid": {
            "segments": [
              "amazonechocontrol",
              "echo",
              "119bb5c1",
              "G090VC0984660563",
              "textToSpeechVolume"
            ]
          },
          "channelTypeUID": {
            "segments": [
              "amazonechocontrol",
              "textToSpeechVolume"
            ]
          },
          "label": "Speak volume",
          "description": "Volume of the Speak channel. If 0, the current volume will be used.",
          "configuration": {
            "properties": {}
          },
          "properties": {},
          "defaultTags": []
        },
        {
          "acceptedItemType": "String",
          "kind": "STATE",
          "uid": {
            "segments": [
              "amazonechocontrol",
              "echo",
              "119bb5c1",
              "G090VC0984660563",
              "remind"
            ]
          },
          "channelTypeUID": {
            "segments": [
              "amazonechocontrol",
              "remind"
            ]
          },
          "label": "Remind",
          "description": "Speak the reminder and send a notification to the Alexa app",
          "configuration": {
            "properties": {}
          },
          "properties": {},
          "defaultTags": []
        },
        {
          "acceptedItemType": "String",
          "kind": "STATE",
          "uid": {
            "segments": [
              "amazonechocontrol",
              "echo",
              "119bb5c1",
              "G090VC0984660563",
              "playAlarmSound"
            ]
          },
          "channelTypeUID": {
            "segments": [
              "amazonechocontrol",
              "playAlarmSound"
            ]
          },
          "label": "Alarm Sound",
          "description": "Plays an alarm sound",
          "configuration": {
            "properties": {}
          },
          "properties": {},
          "defaultTags": []
        },
        {
          "acceptedItemType": "String",
          "kind": "STATE",
          "uid": {
            "segments": [
              "amazonechocontrol",
              "echo",
              "119bb5c1",
              "G090VC0984660563",
              "startRoutine"
            ]
          },
          "channelTypeUID": {
            "segments": [
              "amazonechocontrol",
              "startRoutine"
            ]
          },
          "label": "Start a routine",
          "description": "The command which must be spoken to active the routing without the preceding \"Alexa,\" (Write Only)",
          "configuration": {
            "properties": {}
          },
          "properties": {},
          "defaultTags": []
        },
        {
          "acceptedItemType": "String",
          "kind": "STATE",
          "uid": {
            "segments": [
              "amazonechocontrol",
              "echo",
              "119bb5c1",
              "G090VC0984660563",
              "bluetoothMAC"
            ]
          },
          "channelTypeUID": {
            "segments": [
              "amazonechocontrol",
              "bluetoothMAC"
            ]
          },
          "label": "Bluetooth connection",
          "description": "MAC-Address of the bluetooth connected device",
          "configuration": {
            "properties": {}
          },
          "properties": {},
          "defaultTags": []
        },
        {
          "acceptedItemType": "Switch",
          "kind": "STATE",
          "uid": {
            "segments": [
              "amazonechocontrol",
              "echo",
              "119bb5c1",
              "G090VC0984660563",
              "bluetooth"
            ]
          },
          "channelTypeUID": {
            "segments": [
              "amazonechocontrol",
              "bluetooth"
            ]
          },
          "label": "Bluetooth Connection",
          "description": "Connect to last used device",
          "configuration": {
            "properties": {}
          },
          "properties": {},
          "defaultTags": []
        },
        {
          "acceptedItemType": "String",
          "kind": "STATE",
          "uid": {
            "segments": [
              "amazonechocontrol",
              "echo",
              "119bb5c1",
              "G090VC0984660563",
              "bluetoothDeviceName"
            ]
          },
          "channelTypeUID": {
            "segments": [
              "amazonechocontrol",
              "bluetoothDeviceName"
            ]
          },
          "label": "Bluetooth device",
          "description": "Connected bluetooth device",
          "configuration": {
            "properties": {}
          },
          "properties": {},
          "defaultTags": []
        },
        {
          "acceptedItemType": "String",
          "kind": "STATE",
          "uid": {
            "segments": [
              "amazonechocontrol",
              "echo",
              "119bb5c1",
              "G090VC0984660563",
              "lastVoiceCommand"
            ]
          },
          "channelTypeUID": {
            "segments": [
              "amazonechocontrol",
              "lastVoiceCommand"
            ]
          },
          "label": "Last voice command",
          "description": "Last voice command spoken to the device. Writing to the channel starts voice output.",
          "configuration": {
            "properties": {}
          },
          "properties": {},
          "defaultTags": []
        },
        {
          "acceptedItemType": "Dimmer",
          "kind": "STATE",
          "uid": {
            "segments": [
              "amazonechocontrol",
              "echo",
              "119bb5c1",
              "G090VC0984660563",
              "notificationVolume"
            ]
          },
          "channelTypeUID": {
            "segments": [
              "amazonechocontrol",
              "notificationVolume"
            ]
          },
          "label": "Notification volume",
          "description": "Notification volume",
          "configuration": {
            "properties": {}
          },
          "properties": {},
          "defaultTags": []
        },
        {
          "acceptedItemType": "Switch",
          "kind": "STATE",
          "uid": {
            "segments": [
              "amazonechocontrol",
              "echo",
              "119bb5c1",
              "G090VC0984660563",
              "ascendingAlarm"
            ]
          },
          "channelTypeUID": {
            "segments": [
              "amazonechocontrol",
              "ascendingAlarm"
            ]
          },
          "label": "Ascending alarm",
          "description": "Ascending alarm up to the configured volume",
          "configuration": {
            "properties": {}
          },
          "properties": {},
          "defaultTags": []
        }
      ],
      "configuration": {
        "properties": {
          "serialNumber": "G090VC0984660563"
        }
      },
      "properties": {
        "deviceFamily": "ECHO"
      },
      "uid": {
        "segments": [
          "amazonechocontrol",
          "echo",
          "119bb5c1",
          "G090VC0984660563"
        ]
      },
      "thingTypeUID": {
        "segments": [
          "amazonechocontrol",
          "echo"
        ]
      }
    }
  },
  "ipcamera:generic:154ef0c2": {
    "class": "org.eclipse.smarthome.core.thing.internal.ThingImpl",
    "value": {
      "label": "RTSP/HTTP IP Camera",
      "channels": [
        {
          "acceptedItemType": "Switch",
          "kind": "STATE",
          "uid": {
            "segments": [
              "ipcamera",
              "generic",
              "154ef0c2",
              "startStream"
            ]
          },
          "channelTypeUID": {
            "segments": [
              "ipcamera",
              "startStream"
            ]
          },
          "label": "Start Stream (HLS .m3u8)",
          "description": "Lower the delay to start casting the camera by creating the files non stop in case they are needed.",
          "configuration": {
            "properties": {}
          },
          "properties": {},
          "defaultTags": []
        },
        {
          "acceptedItemType": "Switch",
          "kind": "STATE",
          "uid": {
            "segments": [
              "ipcamera",
              "generic",
              "154ef0c2",
              "pollImage"
            ]
          },
          "channelTypeUID": {
            "segments": [
              "ipcamera",
              "pollImage"
            ]
          },
          "label": "Poll Image",
          "description": "This can be used to trigger snapshot updates when an external PIR, button or other form of sensor turns this channel ON.",
          "configuration": {
            "properties": {}
          },
          "properties": {},
          "defaultTags": []
        },
        {
          "acceptedItemType": "Image",
          "kind": "STATE",
          "uid": {
            "segments": [
              "ipcamera",
              "generic",
              "154ef0c2",
              "image"
            ]
          },
          "channelTypeUID": {
            "segments": [
              "ipcamera",
              "image"
            ]
          },
          "label": "Image",
          "description": "Low frame rate image from your camera. Recommend this is NOT used unless you have large pollTime.",
          "configuration": {
            "properties": {}
          },
          "properties": {},
          "defaultTags": []
        },
        {
          "acceptedItemType": "Number",
          "kind": "STATE",
          "uid": {
            "segments": [
              "ipcamera",
              "generic",
              "154ef0c2",
              "recordingGif"
            ]
          },
          "channelTypeUID": {
            "segments": [
              "ipcamera",
              "recordingGif"
            ]
          },
          "label": "GIF Recording (Seconds)",
          "description": "Indicates how long the recording will occur for and when the file is created, the channel will change to 0 by itself.",
          "configuration": {
            "properties": {}
          },
          "properties": {},
          "defaultTags": []
        },
        {
          "acceptedItemType": "String",
          "kind": "STATE",
          "uid": {
            "segments": [
              "ipcamera",
              "generic",
              "154ef0c2",
              "gifHistory"
            ]
          },
          "channelTypeUID": {
            "segments": [
              "ipcamera",
              "gifHistory"
            ]
          },
          "label": "Gif Filename History",
          "description": "A history of the last GIFs created in a CSV formatted string.",
          "configuration": {
            "properties": {}
          },
          "properties": {},
          "defaultTags": []
        },
        {
          "acceptedItemType": "Number",
          "kind": "STATE",
          "uid": {
            "segments": [
              "ipcamera",
              "generic",
              "154ef0c2",
              "gifHistoryLength"
            ]
          },
          "channelTypeUID": {
            "segments": [
              "ipcamera",
              "gifHistoryLength"
            ]
          },
          "label": "GIF History Length",
          "description": "How many GIFs are stored in the history.",
          "configuration": {
            "properties": {}
          },
          "properties": {},
          "defaultTags": []
        },
        {
          "acceptedItemType": "Number",
          "kind": "STATE",
          "uid": {
            "segments": [
              "ipcamera",
              "generic",
              "154ef0c2",
              "recordingMp4"
            ]
          },
          "channelTypeUID": {
            "segments": [
              "ipcamera",
              "recordingMp4"
            ]
          },
          "label": "MP4 Recording (Seconds)",
          "description": "Indicates how long the recording will occur for and when the file is created, the channel will change to 0 by itself.",
          "configuration": {
            "properties": {}
          },
          "properties": {},
          "defaultTags": []
        },
        {
          "acceptedItemType": "Number",
          "kind": "STATE",
          "uid": {
            "segments": [
              "ipcamera",
              "generic",
              "154ef0c2",
              "mp4Preroll"
            ]
          },
          "channelTypeUID": {
            "segments": [
              "ipcamera",
              "mp4Preroll"
            ]
          },
          "label": "MP4 preroll",
          "description": "Set this channel to a number of how many seconds you wish to record for using the HLS files as a source.",
          "configuration": {
            "properties": {}
          },
          "properties": {},
          "defaultTags": []
        },
        {
          "acceptedItemType": "String",
          "kind": "STATE",
          "uid": {
            "segments": [
              "ipcamera",
              "generic",
              "154ef0c2",
              "mp4History"
            ]
          },
          "channelTypeUID": {
            "segments": [
              "ipcamera",
              "mp4History"
            ]
          },
          "label": "Mp4 Filename History",
          "description": "A history of the last mp4 recordings created in a CSV formatted string.",
          "configuration": {
            "properties": {}
          },
          "properties": {},
          "defaultTags": []
        },
        {
          "acceptedItemType": "Number",
          "kind": "STATE",
          "uid": {
            "segments": [
              "ipcamera",
              "generic",
              "154ef0c2",
              "mp4HistoryLength"
            ]
          },
          "channelTypeUID": {
            "segments": [
              "ipcamera",
              "mp4HistoryLength"
            ]
          },
          "label": "mp4HistoryLength",
          "description": "How many mp4 recordings are stored in the history.",
          "configuration": {
            "properties": {}
          },
          "properties": {},
          "defaultTags": []
        },
        {
          "acceptedItemType": "String",
          "kind": "STATE",
          "uid": {
            "segments": [
              "ipcamera",
              "generic",
              "154ef0c2",
              "lastMotionType"
            ]
          },
          "channelTypeUID": {
            "segments": [
              "ipcamera",
              "lastMotionType"
            ]
          },
          "label": "Last Motion Type",
          "description": "A string that contains the type of motion alarm that was last triggered.",
          "configuration": {
            "properties": {}
          },
          "properties": {},
          "defaultTags": []
        },
        {
          "acceptedItemType": "Dimmer",
          "kind": "STATE",
          "uid": {
            "segments": [
              "ipcamera",
              "generic",
              "154ef0c2",
              "ffmpegMotionControl"
            ]
          },
          "channelTypeUID": {
            "segments": [
              "ipcamera",
              "ffmpegMotionControl"
            ]
          },
          "label": "FFmpeg Motion Alarm ON/OFF/DIMMER",
          "description": "Enable/Disable the motion alarm and control the sensitivity.",
          "configuration": {
            "properties": {}
          },
          "properties": {},
          "defaultTags": []
        },
        {
          "acceptedItemType": "Switch",
          "kind": "STATE",
          "uid": {
            "segments": [
              "ipcamera",
              "generic",
              "154ef0c2",
              "ffmpegMotionAlarm"
            ]
          },
          "channelTypeUID": {
            "segments": [
              "ipcamera",
              "ffmpegMotionAlarm"
            ]
          },
          "label": "FFmpeg Motion Alarm",
          "description": "FFmpeg has detected motion.",
          "configuration": {
            "properties": {}
          },
          "properties": {},
          "defaultTags": []
        },
        {
          "acceptedItemType": "Switch",
          "kind": "STATE",
          "uid": {
            "segments": [
              "ipcamera",
              "generic",
              "154ef0c2",
              "externalMotion"
            ]
          },
          "channelTypeUID": {
            "segments": [
              "ipcamera",
              "externalMotion"
            ]
          },
          "label": "External Motion Sensor Input",
          "description": "Use other sensors external to the camera like a ZWave PIR sensor to flag that the camera has motion in its field of view.",
          "configuration": {
            "properties": {}
          },
          "properties": {},
          "defaultTags": []
        },
        {
          "acceptedItemType": "Dimmer",
          "kind": "STATE",
          "uid": {
            "segments": [
              "ipcamera",
              "generic",
              "154ef0c2",
              "thresholdAudioAlarm"
            ]
          },
          "channelTypeUID": {
            "segments": [
              "ipcamera",
              "thresholdAudioAlarm"
            ]
          },
          "label": "Audio Alarm Threshold ON/OFF/DIMMER",
          "description": "By moving this control you should be able to change how sensitive the audio alarm is to soft or loud noises.",
          "configuration": {
            "properties": {}
          },
          "properties": {},
          "defaultTags": []
        },
        {
          "acceptedItemType": "Switch",
          "kind": "STATE",
          "uid": {
            "segments": [
              "ipcamera",
              "generic",
              "154ef0c2",
              "audioAlarm"
            ]
          },
          "channelTypeUID": {
            "segments": [
              "ipcamera",
              "audioAlarm"
            ]
          },
          "label": "Audio Alarm",
          "description": "Audio has triggered an Alarm.",
          "configuration": {
            "properties": {}
          },
          "properties": {},
          "defaultTags": []
        },
        {
          "acceptedItemType": "String",
          "kind": "STATE",
          "uid": {
            "segments": [
              "ipcamera",
              "generic",
              "154ef0c2",
              "mjpegUrl"
            ]
          },
          "channelTypeUID": {
            "segments": [
              "ipcamera",
              "mjpegUrl"
            ]
          },
          "label": "MJPEG URL",
          "description": "A link you can use in openHAB/HABpanel to fetch a MJPEG video feed from the camera.",
          "configuration": {
            "properties": {}
          },
          "properties": {},
          "defaultTags": []
        },
        {
          "acceptedItemType": "String",
          "kind": "STATE",
          "uid": {
            "segments": [
              "ipcamera",
              "generic",
              "154ef0c2",
              "rtspUrl"
            ]
          },
          "channelTypeUID": {
            "segments": [
              "ipcamera",
              "rtspUrl"
            ]
          },
          "label": "RTSP URL",
          "description": "A link that the camera uses for RTSP.",
          "configuration": {
            "properties": {}
          },
          "properties": {},
          "defaultTags": []
        },
        {
          "acceptedItemType": "String",
          "kind": "STATE",
          "uid": {
            "segments": [
              "ipcamera",
              "generic",
              "154ef0c2",
              "imageUrl"
            ]
          },
          "channelTypeUID": {
            "segments": [
              "ipcamera",
              "imageUrl"
            ]
          },
          "label": "Image URL",
          "description": "A link you can use to fetch a static image from the camera.",
          "configuration": {
            "properties": {}
          },
          "properties": {},
          "defaultTags": []
        },
        {
          "acceptedItemType": "String",
          "kind": "STATE",
          "uid": {
            "segments": [
              "ipcamera",
              "generic",
              "154ef0c2",
              "hlsUrl"
            ]
          },
          "channelTypeUID": {
            "segments": [
              "ipcamera",
              "hlsUrl"
            ]
          },
          "label": "HLS URL (m3u8)",
          "description": "A link you can use in openHAB to cast video feeds.",
          "configuration": {
            "properties": {}
          },
          "properties": {},
          "defaultTags": []
        }
      ],
      "configuration": {
        "properties": {
          "mjpegOptions": "-q:v 5 -r 2 -vf scale\u003d640:-2 -update 1",
          "updateImageWhen": "0",
          "ipAddress": "192.168.0.181",
          "mjpegUrl": "ffmpeg",
          "gifPreroll": 0,
          "ffmpegLocation": "/usr/bin/ffmpeg",
          "serverPort": 54321,
          "ffmpegOutput": "/etc/openhab2/html/camera1/",
          "ipWhitelist": "DISABLE",
          "mp4OutOptions": "-c:v copy -c:a copy",
          "pollTime": 1000,
          "password": "TPYPVQ",
          "port": 554,
          "snapshotUrl": "ffmpeg",
          "ffmpegInput": "rtsp://admin:TPYPVQ@192.168.0.181:554/H.264",
          "hlsOutOptions": "-strict -2 -f lavfi -i aevalsrc\u003d0 -acodec aac -vcodec copy -hls_flags delete_segments -hls_time 2 -hls_list_size 4",
          "gifOutOptions": "-r 2 -filter_complex scale\u003d-2:360:flags\u003dlanczos,setpts\u003d0.5*PTS,split[o1][o2];[o1]palettegen[p];[o2]fifo[o3];[o3][p]paletteuse",
          "username": "admin"
        }
      },
      "properties": {},
      "uid": {
        "segments": [
          "ipcamera",
          "generic",
          "154ef0c2"
        ]
      },
      "thingTypeUID": {
        "segments": [
          "ipcamera",
          "generic"
        ]
      }
    }
  },
  "amazonechocontrol:flashbriefingprofile:119bb5c1:1": {
    "class": "org.eclipse.smarthome.core.thing.internal.ThingImpl",
    "value": {
      "label": "FlashBriefing 1",
      "bridgeUID": {
        "segments": [
          "amazonechocontrol",
          "account",
          "119bb5c1"
        ]
      },
      "channels": [
        {
          "acceptedItemType": "Switch",
          "kind": "STATE",
          "uid": {
            "segments": [
              "amazonechocontrol",
              "flashbriefingprofile",
              "119bb5c1",
              "1",
              "save"
            ]
          },
          "channelTypeUID": {
            "segments": [
              "amazonechocontrol",
              "save"
            ]
          },
          "label": "Save",
          "description": "Save the current flash briefing configuration (Write only)",
          "configuration": {
            "properties": {}
          },
          "properties": {},
          "defaultTags": []
        },
        {
          "acceptedItemType": "Switch",
          "kind": "STATE",
          "uid": {
            "segments": [
              "amazonechocontrol",
              "flashbriefingprofile",
              "119bb5c1",
              "1",
              "active"
            ]
          },
          "channelTypeUID": {
            "segments": [
              "amazonechocontrol",
              "active"
            ]
          },
          "label": "Active",
          "description": "Activate this flash briefing configuration",
          "configuration": {
            "properties": {}
          },
          "properties": {},
          "defaultTags": []
        },
        {
          "acceptedItemType": "String",
          "kind": "STATE",
          "uid": {
            "segments": [
              "amazonechocontrol",
              "flashbriefingprofile",
              "119bb5c1",
              "1",
              "playOnDevice"
            ]
          },
          "channelTypeUID": {
            "segments": [
              "amazonechocontrol",
              "playOnDevice"
            ]
          },
          "label": "Play On Device",
          "description": "Plays the briefing on the device (serial number or name, write only)",
          "configuration": {
            "properties": {}
          },
          "properties": {},
          "defaultTags": []
        }
      ],
      "configuration": {
        "properties": {}
      },
      "properties": {
        "configurationJson": "[{\"feedId\":{\"value\":\"793d6df5-6962-4e39-9eb0-8135c5015db8\"},\"skillId\":\"amzn1.ask.skill.5ed629bb-1036-415b-986c-5d8e7042f3a2\"},{\"feedId\":{\"value\":\"a07ebb8e-73eb-4eec-a044-5905e975357c\"},\"skillId\":\"amzn1.ask.skill.c86d0fa8-0307-471b-82af-aa71b816acc4\"}]"
      },
      "uid": {
        "segments": [
          "amazonechocontrol",
          "flashbriefingprofile",
          "119bb5c1",
          "1"
        ]
      },
      "thingTypeUID": {
        "segments": [
          "amazonechocontrol",
          "flashbriefingprofile"
        ]
      }
    }
  }
}