{
  "mqtt:topic:52a0bf1d": {
    "class": "org.eclipse.smarthome.core.thing.internal.ThingImpl",
    "value": {
      "label": "Kinderkamer 2",
      "bridgeUID": {
        "segments": [
          "mqtt",
          "systemBroker",
          "mqttlocalhost"
        ]
      },
      "channels": [
        {
          "acceptedItemType": "Switch",
          "kind": "STATE",
          "uid": {
            "segments": [
              "mqtt",
              "topic",
              "52a0bf1d",
              "Kinderkamer2_switch"
            ]
          },
          "channelTypeUID": {
            "segments": [
              "mqtt",
              "switch"
            ]
          },
          "configuration": {
            "properties": {
              "commandTopic": "homie/device0012/light-status/state/set",
              "stateTopic": "homie/device0012/light-status/state",
              "off": "OFF",
              "on": "ON"
            }
          },
          "properties": {},
          "defaultTags": []
        }
      ],
      "configuration": {
        "properties": {}
      },
      "properties": {},
      "uid": {
        "segments": [
          "mqtt",
          "topic",
          "52a0bf1d"
        ]
      },
      "thingTypeUID": {
        "segments": [
          "mqtt",
          "topic"
        ]
      }
    }
  },
  "mqtt:topic:ecefa74e": {
    "class": "org.eclipse.smarthome.core.thing.internal.ThingImpl",
    "value": {
      "label": "Slaapkamer",
      "bridgeUID": {
        "segments": [
          "mqtt",
          "systemBroker",
          "mqttlocalhost"
        ]
      },
      "channels": [
        {
          "acceptedItemType": "Switch",
          "kind": "STATE",
          "uid": {
            "segments": [
              "mqtt",
              "topic",
              "ecefa74e",
              "Slaapkamer_switch"
            ]
          },
          "channelTypeUID": {
            "segments": [
              "mqtt",
              "switch"
            ]
          },
          "configuration": {
            "properties": {
              "commandTopic": "homie/device0018/dimmer-state/state/set",
              "stateTopic": "homie/device0018/dimmer-state/state"
            }
          },
          "properties": {},
          "defaultTags": []
        },
        {
          "acceptedItemType": "Dimmer",
          "kind": "STATE",
          "uid": {
            "segments": [
              "mqtt",
              "topic",
              "ecefa74e",
              "Slaapkamer_dimmer"
            ]
          },
          "channelTypeUID": {
            "segments": [
              "mqtt",
              "dimmer"
            ]
          },
          "configuration": {
            "properties": {
              "commandTopic": "homie/device0018/dimmer-amount/dimmer/set",
              "stateTopic": "homie/device0018/dimmer-amount/dimmer"
            }
          },
          "properties": {},
          "defaultTags": []
        }
      ],
      "configuration": {
        "properties": {}
      },
      "properties": {},
      "uid": {
        "segments": [
          "mqtt",
          "topic",
          "ecefa74e"
        ]
      },
      "thingTypeUID": {
        "segments": [
          "mqtt",
          "topic"
        ]
      }
    }
  },
  "mqtt:topic:0677b7ab": {
    "class": "org.eclipse.smarthome.core.thing.internal.ThingImpl",
    "value": {
      "label": "Traphal",
      "bridgeUID": {
        "segments": [
          "mqtt",
          "systemBroker",
          "mqttlocalhost"
        ]
      },
      "channels": [
        {
          "acceptedItemType": "Switch",
          "kind": "STATE",
          "uid": {
            "segments": [
              "mqtt",
              "topic",
              "0677b7ab",
              "Traphal_switch"
            ]
          },
          "channelTypeUID": {
            "segments": [
              "mqtt",
              "switch"
            ]
          },
          "configuration": {
            "properties": {
              "commandTopic": "homie/device0009/light-status/state/set",
              "stateTopic": "homie/device0009/light-status/state"
            }
          },
          "properties": {},
          "defaultTags": []
        }
      ],
      "configuration": {
        "properties": {}
      },
      "properties": {},
      "uid": {
        "segments": [
          "mqtt",
          "topic",
          "0677b7ab"
        ]
      },
      "thingTypeUID": {
        "segments": [
          "mqtt",
          "topic"
        ]
      }
    }
  },
  "amazonechocontrol:account:119bb5c1": {
    "class": "org.eclipse.smarthome.core.thing.internal.BridgeImpl",
    "value": {
      "label": "Amazon Account",
      "channels": [],
      "configuration": {
        "properties": {}
      },
      "properties": {},
      "uid": {
        "segments": [
          "amazonechocontrol",
          "account",
          "119bb5c1"
        ]
      },
      "thingTypeUID": {
        "segments": [
          "amazonechocontrol",
          "account"
        ]
      }
    }
  },
  "amazonechocontrol:echo:119bb5c1:G090VC0984660563": {
    "class": "org.eclipse.smarthome.core.thing.internal.ThingImpl",
    "value": {
      "label": "Jan\u0027s Echo Dot",
      "bridgeUID": {
        "segments": [
          "amazonechocontrol",
          "account",
          "119bb5c1"
        ]
      },
      "channels": [
        {
          "acceptedItemType": "Player",
          "kind": "STATE",
          "uid": {
            "segments": [
              "amazonechocontrol",
              "echo",
              "119bb5c1",
              "G090VC0984660563",
              "player"
            ]
          },
          "channelTypeUID": {
            "segments": [
              "amazonechocontrol",
              "player"
            ]
          },
          "label": "Player",
          "description": "Music Player",
          "configuration": {
            "properties": {}
          },
          "properties": {},
          "defaultTags": []
        },
        {
          "acceptedItemType": "Dimmer",
          "kind": "STATE",
          "uid": {
            "segments": [
              "amazonechocontrol",
              "echo",
              "119bb5c1",
              "G090VC0984660563",
              "mediaProgress"
            ]
          },
          "channelTypeUID": {
            "segments": [
              "amazonechocontrol",
              "mediaProgress"
            ]
          },
          "label": "Media progress",
          "description": "Media progress in percent",
          "configuration": {
            "properties": {}
          },
          "properties": {},
          "defaultTags": []
        },
        {
          "acceptedItemType": "Number:Time",
          "kind": "STATE",
          "uid": {
            "segments": [
              "amazonechocontrol",
              "echo",
              "119bb5c1",
              "G090VC0984660563",
              "mediaProgressTime"
            ]
          },
          "channelTypeUID": {
            "segments": [
              "amazonechocontrol",
              "mediaProgressTime"
            ]
          },
          "label": "Media play time",
          "description": "Media play time",
          "configuration": {
            "properties": {}
          },
          "properties": {},
          "defaultTags": []
        },
        {
          "acceptedItemType": "Number:Time",
          "kind": "STATE",
          "uid": {
            "segments": [
              "amazonechocontrol",
              "echo",
              "119bb5c1",
              "G090VC0984660563",
              "mediaLength"
            ]
          },
          "channelTypeUID": {
            "segments": [
              "amazonechocontrol",
              "mediaLength"
            ]
          },
          "label": "Media length",
          "description": "Media length",
          "configuration": {
            "properties": {}
          },
          "properties": {},
          "defaultTags": []
        },
        {
          "acceptedItemType": "Dimmer",
          "kind": "STATE",
          "uid": {
            "segments": [
              "amazonechocontrol",
              "echo",
              "119bb5c1",
              "G090VC0984660563",
              "volume"
            ]
          },
          "channelTypeUID": {
            "segments": [
              "amazonechocontrol",
              "volume"
            ]
          },
          "label": "Volume",
          "description": "Volume of the sound",
          "configuration": {
            "properties": {}
          },
          "properties": {},
          "defaultTags": []
        },
        {
          "acceptedItemType": "Switch",
          "kind": "STATE",
          "uid": {
            "segments": [
              "amazonechocontrol",
              "echo",
              "119bb5c1",
              "G090VC0984660563",
              "shuffle"
            ]
          },
          "channelTypeUID": {
            "segments": [
              "amazonechocontrol",
              "shuffle"
            ]
          },
          "label": "Shuffle",
          "description": "Shuffle play",
          "configuration": {
            "properties": {}
          },
          "properties": {},
          "defaultTags": []
        },
        {
          "acceptedItemType": "String",
          "kind": "STATE",
          "uid": {
            "segments": [
              "amazonechocontrol",
              "echo",
              "119bb5c1",
              "G090VC0984660563",
              "imageUrl"
            ]
          },
          "channelTypeUID": {
            "segments": [
              "amazonechocontrol",
              "imageUrl"
            ]
          },
          "label": "Image url",
          "description": "Url of the album image or radio station logo",
          "configuration": {
            "properties": {}
          },
          "properties": {},
          "defaultTags": []
        },
        {
          "acceptedItemType": "String",
          "kind": "STATE",
          "uid": {
            "segments": [
              "amazonechocontrol",
              "echo",
              "119bb5c1",
              "G090VC0984660563",
              "title"
            ]
          },
          "channelTypeUID": {
            "segments": [
              "amazonechocontrol",
              "title"
            ]
          },
          "label": "Title",
          "description": "Title",
          "configuration": {
            "properties": {}
          },
          "properties": {},
          "defaultTags": []
        },
        {
          "acceptedItemType": "String",
          "kind": "STATE",
          "uid": {
            "segments": [
              "amazonechocontrol",
              "echo",
              "119bb5c1",
              "G090VC0984660563",
              "subtitle1"
            ]
          },
          "channelTypeUID": {
            "segments": [
              "amazonechocontrol",
              "subtitle1"
            ]
          },
          "label": "Subtitle 1",
          "description": "Subtitle 1",
          "configuration": {
            "properties": {}
          },
          "properties": {},
          "defaultTags": []
        },
        {
          "acceptedItemType": "String",
          "kind": "STATE",
          "uid": {
            "segments": [
              "amazonechocontrol",
              "echo",
              "119bb5c1",
              "G090VC0984660563",
              "subtitle2"
            ]
          },
          "channelTypeUID": {
            "segments": [
              "amazonechocontrol",
              "subtitle2"
            ]
          },
          "label": "Subtitle 2",
          "description": "Subtitle 2",
          "configuration": {
            "properties": {}
          },
          "properties": {},
          "defaultTags": []
        },
        {
          "acceptedItemType": "String",
          "kind": "STATE",
          "uid": {
            "segments": [
              "amazonechocontrol",
              "echo",
              "119bb5c1",
              "G090VC0984660563",
              "providerDisplayName"
            ]
          },
          "channelTypeUID": {
            "segments": [
              "amazonechocontrol",
              "providerDisplayName"
            ]
          },
          "label": "Provider Name",
          "description": "Name of music provider",
          "configuration": {
            "properties": {}
          },
          "properties": {},
          "defaultTags": []
        },
        {
          "acceptedItemType": "String",
          "kind": "STATE",
          "uid": {
            "segments": [
              "amazonechocontrol",
              "echo",
              "119bb5c1",
              "G090VC0984660563",
              "musicProviderId"
            ]
          },
          "channelTypeUID": {
            "segments": [
              "amazonechocontrol",
              "musicProviderId"
            ]
          },
          "label": "Music provider",
          "description": "Music provider",
          "configuration": {
            "properties": {}
          },
          "properties": {},
          "defaultTags": []
        },
        {
          "acceptedItemType": "String",
          "kind": "STATE",
          "uid": {
            "segments": [
              "amazonechocontrol",
              "echo",
              "119bb5c1",
              "G090VC0984660563",
              "playMusicVoiceCommand"
            ]
          },
          "channelTypeUID": {
            "segments": [
              "amazonechocontrol",
              "playMusicVoiceCommand"
            ]
          },
          "label": "Music voice command",
          "description": "Voice command as text. E.g. \u0027Yesterday from the Beatles\u0027 (Write only)",
          "configuration": {
            "properties": {}
          },
          "properties": {},
          "defaultTags": []
        },
        {
          "acceptedItemType": "String",
          "kind": "STATE",
          "uid": {
            "segments": [
              "amazonechocontrol",
              "echo",
              "119bb5c1",
              "G090VC0984660563",
              "startCommand"
            ]
          },
          "channelTypeUID": {
            "segments": [
              "amazonechocontrol",
              "startCommand"
            ]
          },
          "label": "Start",
          "description": "Start information (Write only)",
          "configuration": {
            "properties": {}
          },
          "properties": {},
          "defaultTags": []
        },
        {
          "acceptedItemType": "String",
          "kind": "STATE",
          "uid": {
            "segments": [
              "amazonechocontrol",
              "echo",
              "119bb5c1",
              "G090VC0984660563",
              "radioStationId"
            ]
          },
          "channelTypeUID": {
            "segments": [
              "amazonechocontrol",
              "radioStationId"
            ]
          },
          "label": "TuneIn Radio station id",
          "description": "Id of the radio station",
          "configuration": {
            "properties": {}
          },
          "properties": {},
          "defaultTags": []
        },
        {
          "acceptedItemType": "Switch",
          "kind": "STATE",
          "uid": {
            "segments": [
              "amazonechocontrol",
              "echo",
              "119bb5c1",
              "G090VC0984660563",
              "radio"
            ]
          },
          "channelTypeUID": {
            "segments": [
              "amazonechocontrol",
              "radio"
            ]
          },
          "label": "TuneIn radio",
          "description": "Radio turned on",
          "configuration": {
            "properties": {}
          },
          "properties": {},
          "defaultTags": []
        },
        {
          "acceptedItemType": "String",
          "kind": "STATE",
          "uid": {
            "segments": [
              "amazonechocontrol",
              "echo",
              "119bb5c1",
              "G090VC0984660563",
              "amazonMusicTrackId"
            ]
          },
          "channelTypeUID": {
            "segments": [
              "amazonechocontrol",
              "amazonMusicTrackId"
            ]
          },
          "label": "Amazon music track id",
          "description": "Id of the amazon music track",
          "configuration": {
            "properties": {}
          },
          "properties": {},
          "defaultTags": []
        },
        {
          "acceptedItemType": "String",
          "kind": "STATE",
          "uid": {
            "segments": [
              "amazonechocontrol",
              "echo",
              "119bb5c1",
              "G090VC0984660563",
              "amazonMusicPlayListId"
            ]
          },
          "channelTypeUID": {
            "segments": [
              "amazonechocontrol",
              "amazonMusicPlayListId"
            ]
          },
          "label": "Amazon music play list id",
          "description": "Amazon Music play list id (Write only, no current state)",
          "configuration": {
            "properties": {}
          },
          "properties": {},
          "defaultTags": []
        },
        {
          "acceptedItemType": "Switch",
          "kind": "STATE",
          "uid": {
            "segments": [
              "amazonechocontrol",
              "echo",
              "119bb5c1",
              "G090VC0984660563",
              "amazonMusic"
            ]
          },
          "channelTypeUID": {
            "segments": [
              "amazonechocontrol",
              "amazonMusic"
            ]
          },
          "label": "Amazon music",
          "description": "Amazon Music turned on",
          "configuration": {
            "properties": {}
          },
          "properties": {},
          "defaultTags": []
        },
        {
          "acceptedItemType": "String",
          "kind": "STATE",
          "uid": {
            "segments": [
              "amazonechocontrol",
              "echo",
              "119bb5c1",
              "G090VC0984660563",
              "textToSpeech"
            ]
          },
          "channelTypeUID": {
            "segments": [
              "amazonechocontrol",
              "textToSpeech"
            ]
          },
          "label": "Speak",
          "description": "Speak the text (Write only)",
          "configuration": {
            "properties": {}
          },
          "properties": {},
          "defaultTags": []
        },
        {
          "acceptedItemType": "Dimmer",
          "kind": "STATE",
          "uid": {
            "segments": [
              "amazonechocontrol",
              "echo",
              "119bb5c1",
              "G090VC0984660563",
              "textToSpeechVolume"
            ]
          },
          "channelTypeUID": {
            "segments": [
              "amazonechocontrol",
              "textToSpeechVolume"
            ]
          },
          "label": "Speak volume",
          "description": "Volume of the Speak channel. If 0, the current volume will be used.",
          "configuration": {
            "properties": {}
          },
          "properties": {},
          "defaultTags": []
        },
        {
          "acceptedItemType": "String",
          "kind": "STATE",
          "uid": {
            "segments": [
              "amazonechocontrol",
              "echo",
              "119bb5c1",
              "G090VC0984660563",
              "remind"
            ]
          },
          "channelTypeUID": {
            "segments": [
              "amazonechocontrol",
              "remind"
            ]
          },
          "label": "Remind",
          "description": "Speak the reminder and send a notification to the Alexa app",
          "configuration": {
            "properties": {}
          },
          "properties": {},
          "defaultTags": []
        },
        {
          "acceptedItemType": "String",
          "kind": "STATE",
          "uid": {
            "segments": [
              "amazonechocontrol",
              "echo",
              "119bb5c1",
              "G090VC0984660563",
              "playAlarmSound"
            ]
          },
          "channelTypeUID": {
            "segments": [
              "amazonechocontrol",
              "playAlarmSound"
            ]
          },
          "label": "Alarm Sound",
          "description": "Plays an alarm sound",
          "configuration": {
            "properties": {}
          },
          "properties": {},
          "defaultTags": []
        },
        {
          "acceptedItemType": "String",
          "kind": "STATE",
          "uid": {
            "segments": [
              "amazonechocontrol",
              "echo",
              "119bb5c1",
              "G090VC0984660563",
              "startRoutine"
            ]
          },
          "channelTypeUID": {
            "segments": [
              "amazonechocontrol",
              "startRoutine"
            ]
          },
          "label": "Start a routine",
          "description": "The command which must be spoken to active the routing without the preceding \"Alexa,\" (Write Only)",
          "configuration": {
            "properties": {}
          },
          "properties": {},
          "defaultTags": []
        },
        {
          "acceptedItemType": "String",
          "kind": "STATE",
          "uid": {
            "segments": [
              "amazonechocontrol",
              "echo",
              "119bb5c1",
              "G090VC0984660563",
              "bluetoothMAC"
            ]
          },
          "channelTypeUID": {
            "segments": [
              "amazonechocontrol",
              "bluetoothMAC"
            ]
          },
          "label": "Bluetooth connection",
          "description": "MAC-Address of the bluetooth connected device",
          "configuration": {
            "properties": {}
          },
          "properties": {},
          "defaultTags": []
        },
        {
          "acceptedItemType": "Switch",
          "kind": "STATE",
          "uid": {
            "segments": [
              "amazonechocontrol",
              "echo",
              "119bb5c1",
              "G090VC0984660563",
              "bluetooth"
            ]
          },
          "channelTypeUID": {
            "segments": [
              "amazonechocontrol",
              "bluetooth"
            ]
          },
          "label": "Bluetooth Connection",
          "description": "Connect to last used device",
          "configuration": {
            "properties": {}
          },
          "properties": {},
          "defaultTags": []
        },
        {
          "acceptedItemType": "String",
          "kind": "STATE",
          "uid": {
            "segments": [
              "amazonechocontrol",
              "echo",
              "119bb5c1",
              "G090VC0984660563",
              "bluetoothDeviceName"
            ]
          },
          "channelTypeUID": {
            "segments": [
              "amazonechocontrol",
              "bluetoothDeviceName"
            ]
          },
          "label": "Bluetooth device",
          "description": "Connected bluetooth device",
          "configuration": {
            "properties": {}
          },
          "properties": {},
          "defaultTags": []
        },
        {
          "acceptedItemType": "String",
          "kind": "STATE",
          "uid": {
            "segments": [
              "amazonechocontrol",
              "echo",
              "119bb5c1",
              "G090VC0984660563",
              "lastVoiceCommand"
            ]
          },
          "channelTypeUID": {
            "segments": [
              "amazonechocontrol",
              "lastVoiceCommand"
            ]
          },
          "label": "Last voice command",
          "description": "Last voice command spoken to the device. Writing to the channel starts voice output.",
          "configuration": {
            "properties": {}
          },
          "properties": {},
          "defaultTags": []
        },
        {
          "acceptedItemType": "Dimmer",
          "kind": "STATE",
          "uid": {
            "segments": [
              "amazonechocontrol",
              "echo",
              "119bb5c1",
              "G090VC0984660563",
              "notificationVolume"
            ]
          },
          "channelTypeUID": {
            "segments": [
              "amazonechocontrol",
              "notificationVolume"
            ]
          },
          "label": "Notification volume",
          "description": "Notification volume",
          "configuration": {
            "properties": {}
          },
          "properties": {},
          "defaultTags": []
        },
        {
          "acceptedItemType": "Switch",
          "kind": "STATE",
          "uid": {
            "segments": [
              "amazonechocontrol",
              "echo",
              "119bb5c1",
              "G090VC0984660563",
              "ascendingAlarm"
            ]
          },
          "channelTypeUID": {
            "segments": [
              "amazonechocontrol",
              "ascendingAlarm"
            ]
          },
          "label": "Ascending alarm",
          "description": "Ascending alarm up to the configured volume",
          "configuration": {
            "properties": {}
          },
          "properties": {},
          "defaultTags": []
        }
      ],
      "configuration": {
        "properties": {
          "serialNumber": "G090VC0984660563"
        }
      },
      "properties": {
        "deviceFamily": "ECHO"
      },
      "uid": {
        "segments": [
          "amazonechocontrol",
          "echo",
          "119bb5c1",
          "G090VC0984660563"
        ]
      },
      "thingTypeUID": {
        "segments": [
          "amazonechocontrol",
          "echo"
        ]
      }
    }
  },
  "mqtt:topic:88de7578": {
    "class": "org.eclipse.smarthome.core.thing.internal.ThingImpl",
    "value": {
      "label": "Spots keuken",
      "bridgeUID": {
        "segments": [
          "mqtt",
          "systemBroker",
          "mqttlocalhost"
        ]
      },
      "channels": [
        {
          "acceptedItemType": "Switch",
          "kind": "STATE",
          "uid": {
            "segments": [
              "mqtt",
              "topic",
              "88de7578",
              "Spots"
            ]
          },
          "channelTypeUID": {
            "segments": [
              "mqtt",
              "switch"
            ]
          },
          "configuration": {
            "properties": {
              "commandTopic": "homie/device0005/light-status/state/set",
              "stateTopic": "homie/device0005/light-status/state",
              "off": "OFF",
              "on": "ON"
            }
          },
          "properties": {},
          "defaultTags": []
        }
      ],
      "configuration": {
        "properties": {}
      },
      "properties": {},
      "uid": {
        "segments": [
          "mqtt",
          "topic",
          "88de7578"
        ]
      },
      "thingTypeUID": {
        "segments": [
          "mqtt",
          "topic"
        ]
      }
    }
  },
  "mqtt:topic:f2b1337f": {
    "class": "org.eclipse.smarthome.core.thing.internal.ThingImpl",
    "value": {
      "label": "Gang",
      "bridgeUID": {
        "segments": [
          "mqtt",
          "systemBroker",
          "mqttlocalhost"
        ]
      },
      "channels": [
        {
          "acceptedItemType": "Switch",
          "kind": "STATE",
          "uid": {
            "segments": [
              "mqtt",
              "topic",
              "f2b1337f",
              "Gang_switch"
            ]
          },
          "channelTypeUID": {
            "segments": [
              "mqtt",
              "switch"
            ]
          },
          "configuration": {
            "properties": {
              "commandTopic": "homie/device0002/light-status/state/set",
              "stateTopic": "homie/device0002/light-status/state",
              "off": "OFF",
              "on": "ON"
            }
          },
          "properties": {},
          "defaultTags": []
        }
      ],
      "configuration": {
        "properties": {}
      },
      "properties": {},
      "uid": {
        "segments": [
          "mqtt",
          "topic",
          "f2b1337f"
        ]
      },
      "thingTypeUID": {
        "segments": [
          "mqtt",
          "topic"
        ]
      }
    }
  },
  "amazonechocontrol:flashbriefingprofile:119bb5c1:1": {
    "class": "org.eclipse.smarthome.core.thing.internal.ThingImpl",
    "value": {
      "label": "FlashBriefing 1",
      "bridgeUID": {
        "segments": [
          "amazonechocontrol",
          "account",
          "119bb5c1"
        ]
      },
      "channels": [
        {
          "acceptedItemType": "Switch",
          "kind": "STATE",
          "uid": {
            "segments": [
              "amazonechocontrol",
              "flashbriefingprofile",
              "119bb5c1",
              "1",
              "save"
            ]
          },
          "channelTypeUID": {
            "segments": [
              "amazonechocontrol",
              "save"
            ]
          },
          "label": "Save",
          "description": "Save the current flash briefing configuration (Write only)",
          "configuration": {
            "properties": {}
          },
          "properties": {},
          "defaultTags": []
        },
        {
          "acceptedItemType": "Switch",
          "kind": "STATE",
          "uid": {
            "segments": [
              "amazonechocontrol",
              "flashbriefingprofile",
              "119bb5c1",
              "1",
              "active"
            ]
          },
          "channelTypeUID": {
            "segments": [
              "amazonechocontrol",
              "active"
            ]
          },
          "label": "Active",
          "description": "Activate this flash briefing configuration",
          "configuration": {
            "properties": {}
          },
          "properties": {},
          "defaultTags": []
        },
        {
          "acceptedItemType": "String",
          "kind": "STATE",
          "uid": {
            "segments": [
              "amazonechocontrol",
              "flashbriefingprofile",
              "119bb5c1",
              "1",
              "playOnDevice"
            ]
          },
          "channelTypeUID": {
            "segments": [
              "amazonechocontrol",
              "playOnDevice"
            ]
          },
          "label": "Play On Device",
          "description": "Plays the briefing on the device (serial number or name, write only)",
          "configuration": {
            "properties": {}
          },
          "properties": {},
          "defaultTags": []
        }
      ],
      "configuration": {
        "properties": {}
      },
      "properties": {
        "configurationJson": "[{\"feedId\":{\"value\":\"793d6df5-6962-4e39-9eb0-8135c5015db8\"},\"skillId\":\"amzn1.ask.skill.5ed629bb-1036-415b-986c-5d8e7042f3a2\"},{\"feedId\":{\"value\":\"a07ebb8e-73eb-4eec-a044-5905e975357c\"},\"skillId\":\"amzn1.ask.skill.c86d0fa8-0307-471b-82af-aa71b816acc4\"}]"
      },
      "uid": {
        "segments": [
          "amazonechocontrol",
          "flashbriefingprofile",
          "119bb5c1",
          "1"
        ]
      },
      "thingTypeUID": {
        "segments": [
          "amazonechocontrol",
          "flashbriefingprofile"
        ]
      }
    }
  },
  "mqtt:topic:4a23fc33": {
    "class": "org.eclipse.smarthome.core.thing.internal.ThingImpl",
    "value": {
      "label": "Terras",
      "bridgeUID": {
        "segments": [
          "mqtt",
          "systemBroker",
          "mqttlocalhost"
        ]
      },
      "channels": [
        {
          "acceptedItemType": "Switch",
          "kind": "STATE",
          "uid": {
            "segments": [
              "mqtt",
              "topic",
              "4a23fc33",
              "Terras_switch"
            ]
          },
          "channelTypeUID": {
            "segments": [
              "mqtt",
              "switch"
            ]
          },
          "configuration": {
            "properties": {
              "commandTopic": "homie/device0007/light-status/state/set",
              "stateTopic": "homie/device0007/light-status/state",
              "off": "OFF",
              "on": "ON"
            }
          },
          "properties": {},
          "defaultTags": []
        }
      ],
      "configuration": {
        "properties": {}
      },
      "properties": {},
      "uid": {
        "segments": [
          "mqtt",
          "topic",
          "4a23fc33"
        ]
      },
      "thingTypeUID": {
        "segments": [
          "mqtt",
          "topic"
        ]
      }
    }
  },
  "mqtt:topic:e2d6e5bf": {
    "class": "org.eclipse.smarthome.core.thing.internal.ThingImpl",
    "value": {
      "label": "Berging",
      "bridgeUID": {
        "segments": [
          "mqtt",
          "systemBroker",
          "mqttlocalhost"
        ]
      },
      "channels": [
        {
          "acceptedItemType": "Switch",
          "kind": "STATE",
          "uid": {
            "segments": [
              "mqtt",
              "topic",
              "e2d6e5bf",
              "Bergng_switch"
            ]
          },
          "channelTypeUID": {
            "segments": [
              "mqtt",
              "switch"
            ]
          },
          "configuration": {
            "properties": {
              "commandTopic": "homie/device0004/light-status/state/set",
              "stateTopic": "homie/device0004/light-status/state",
              "off": "OFF",
              "on": "ON"
            }
          },
          "properties": {},
          "defaultTags": []
        }
      ],
      "configuration": {
        "properties": {}
      },
      "properties": {},
      "uid": {
        "segments": [
          "mqtt",
          "topic",
          "e2d6e5bf"
        ]
      },
      "thingTypeUID": {
        "segments": [
          "mqtt",
          "topic"
        ]
      }
    }
  },
  "mqtt:topic:639aebdb": {
    "class": "org.eclipse.smarthome.core.thing.internal.ThingImpl",
    "value": {
      "label": "Spots trap",
      "bridgeUID": {
        "segments": [
          "mqtt",
          "systemBroker",
          "mqttlocalhost"
        ]
      },
      "channels": [
        {
          "acceptedItemType": "Switch",
          "kind": "STATE",
          "uid": {
            "segments": [
              "mqtt",
              "topic",
              "639aebdb",
              "Trap_switch"
            ]
          },
          "channelTypeUID": {
            "segments": [
              "mqtt",
              "switch"
            ]
          },
          "configuration": {
            "properties": {
              "commandTopic": "homie/device0010/light-status/state/set",
              "stateTopic": "homie/device0010/light-status/state"
            }
          },
          "properties": {},
          "defaultTags": []
        }
      ],
      "configuration": {
        "properties": {}
      },
      "properties": {},
      "uid": {
        "segments": [
          "mqtt",
          "topic",
          "639aebdb"
        ]
      },
      "thingTypeUID": {
        "segments": [
          "mqtt",
          "topic"
        ]
      }
    }
  },
  "mqtt:topic:c6f05c7c": {
    "class": "org.eclipse.smarthome.core.thing.internal.ThingImpl",
    "value": {
      "label": "Kinderkamer 1",
      "bridgeUID": {
        "segments": [
          "mqtt",
          "systemBroker",
          "mqttlocalhost"
        ]
      },
      "channels": [
        {
          "acceptedItemType": "Switch",
          "kind": "STATE",
          "uid": {
            "segments": [
              "mqtt",
              "topic",
              "c6f05c7c",
              "Kinderkamer1_switch"
            ]
          },
          "channelTypeUID": {
            "segments": [
              "mqtt",
              "switch"
            ]
          },
          "configuration": {
            "properties": {
              "commandTopic": "homie/device0011/light-status/state/set",
              "stateTopic": "homie/device0011/light-status/state",
              "off": "OFF",
              "on": "ON"
            }
          },
          "properties": {},
          "defaultTags": []
        }
      ],
      "configuration": {
        "properties": {}
      },
      "properties": {},
      "uid": {
        "segments": [
          "mqtt",
          "topic",
          "c6f05c7c"
        ]
      },
      "thingTypeUID": {
        "segments": [
          "mqtt",
          "topic"
        ]
      }
    }
  },
  "mqtt:systemBroker:mqttlocalhost": {
    "class": "org.eclipse.smarthome.core.thing.internal.BridgeImpl",
    "value": {
      "label": "MQTT Broker",
      "channels": [],
      "configuration": {
        "properties": {
          "brokerid": "mqttlocalhost"
        }
      },
      "properties": {
        "password": "",
        "qos": "1",
        "port": "1883.0",
        "retain": "false",
        "keep_alive_time_ms": "60",
        "host": "192.168.0.173",
        "reconnect_time_ms": "10000",
        "lastwill": "",
        "url": "192.168.0.173:1883",
        "username": ""
      },
      "uid": {
        "segments": [
          "mqtt",
          "systemBroker",
          "mqttlocalhost"
        ]
      },
      "thingTypeUID": {
        "segments": [
          "mqtt",
          "systemBroker"
        ]
      }
    }
  },
  "mqtt:topic:5f10ce30": {
    "class": "org.eclipse.smarthome.core.thing.internal.ThingImpl",
    "value": {
      "label": "WC boven",
      "bridgeUID": {
        "segments": [
          "mqtt",
          "systemBroker",
          "mqttlocalhost"
        ]
      },
      "channels": [
        {
          "acceptedItemType": "Switch",
          "kind": "STATE",
          "uid": {
            "segments": [
              "mqtt",
              "topic",
              "5f10ce30",
              "WCBoven_switch"
            ]
          },
          "channelTypeUID": {
            "segments": [
              "mqtt",
              "switch"
            ]
          },
          "configuration": {
            "properties": {
              "commandTopic": "homie/device0013/light-status/state/set",
              "stateTopic": "homie/device0013/light-status/state"
            }
          },
          "properties": {},
          "defaultTags": []
        }
      ],
      "configuration": {
        "properties": {}
      },
      "properties": {},
      "uid": {
        "segments": [
          "mqtt",
          "topic",
          "5f10ce30"
        ]
      },
      "thingTypeUID": {
        "segments": [
          "mqtt",
          "topic"
        ]
      }
    }
  },
  "mqtt:topic:b472948e": {
    "class": "org.eclipse.smarthome.core.thing.internal.ThingImpl",
    "value": {
      "label": "Garage",
      "bridgeUID": {
        "segments": [
          "mqtt",
          "systemBroker",
          "mqttlocalhost"
        ]
      },
      "channels": [
        {
          "acceptedItemType": "Switch",
          "kind": "STATE",
          "uid": {
            "segments": [
              "mqtt",
              "topic",
              "b472948e",
              "Switch"
            ]
          },
          "channelTypeUID": {
            "segments": [
              "mqtt",
              "switch"
            ]
          },
          "configuration": {
            "properties": {
              "commandTopic": "homie/device0001/light-status/state/set",
              "stateTopic": "homie/device0001/light-status/state",
              "off": "OFF",
              "on": "ON"
            }
          },
          "properties": {},
          "defaultTags": []
        }
      ],
      "configuration": {
        "properties": {}
      },
      "properties": {},
      "uid": {
        "segments": [
          "mqtt",
          "topic",
          "b472948e"
        ]
      },
      "thingTypeUID": {
        "segments": [
          "mqtt",
          "topic"
        ]
      }
    }
  },
  "mqtt:topic:9579ebc4": {
    "class": "org.eclipse.smarthome.core.thing.internal.ThingImpl",
    "value": {
      "label": "Living",
      "bridgeUID": {
        "segments": [
          "mqtt",
          "systemBroker",
          "mqttlocalhost"
        ]
      },
      "channels": [
        {
          "acceptedItemType": "Switch",
          "kind": "STATE",
          "uid": {
            "segments": [
              "mqtt",
              "topic",
              "9579ebc4",
              "Living_switch"
            ]
          },
          "channelTypeUID": {
            "segments": [
              "mqtt",
              "switch"
            ]
          },
          "configuration": {
            "properties": {
              "commandTopic": "homie/device0017/dimmer-state/state/set",
              "stateTopic": "homie/device0017/dimmer-state/state",
              "off": "OFF",
              "on": "ON"
            }
          },
          "properties": {},
          "defaultTags": []
        },
        {
          "acceptedItemType": "Dimmer",
          "kind": "STATE",
          "uid": {
            "segments": [
              "mqtt",
              "topic",
              "9579ebc4",
              "Living_dimmer"
            ]
          },
          "channelTypeUID": {
            "segments": [
              "mqtt",
              "dimmer"
            ]
          },
          "configuration": {
            "properties": {
              "commandTopic": "homie/device0017/dimmer-amount/dimmer/set",
              "stateTopic": "homie/device0017/dimmer-amount/dimmer"
            }
          },
          "properties": {},
          "defaultTags": []
        }
      ],
      "configuration": {
        "properties": {}
      },
      "properties": {},
      "uid": {
        "segments": [
          "mqtt",
          "topic",
          "9579ebc4"
        ]
      },
      "thingTypeUID": {
        "segments": [
          "mqtt",
          "topic"
        ]
      }
    }
  },
  "mqtt:topic:e335209a": {
    "class": "org.eclipse.smarthome.core.thing.internal.ThingImpl",
    "value": {
      "label": "Keuken",
      "bridgeUID": {
        "segments": [
          "mqtt",
          "systemBroker",
          "mqttlocalhost"
        ]
      },
      "channels": [
        {
          "acceptedItemType": "Switch",
          "kind": "STATE",
          "uid": {
            "segments": [
              "mqtt",
              "topic",
              "e335209a",
              "Keuken_switch"
            ]
          },
          "channelTypeUID": {
            "segments": [
              "mqtt",
              "switch"
            ]
          },
          "configuration": {
            "properties": {
              "commandTopic": "homie/device0015/dimmer-state/state/set",
              "stateTopic": "homie/device0015/dimmer-state/state",
              "off": "OFF",
              "on": "ON"
            }
          },
          "properties": {},
          "defaultTags": []
        },
        {
          "acceptedItemType": "Dimmer",
          "kind": "STATE",
          "uid": {
            "segments": [
              "mqtt",
              "topic",
              "e335209a",
              "Keuken_dimmer"
            ]
          },
          "channelTypeUID": {
            "segments": [
              "mqtt",
              "dimmer"
            ]
          },
          "configuration": {
            "properties": {
              "commandTopic": "homie/device0015/dimmer-amount/dimmer/set",
              "stateTopic": "homie/device0015/dimmer-amount/dimmer"
            }
          },
          "properties": {},
          "defaultTags": []
        }
      ],
      "configuration": {
        "properties": {}
      },
      "properties": {},
      "uid": {
        "segments": [
          "mqtt",
          "topic",
          "e335209a"
        ]
      },
      "thingTypeUID": {
        "segments": [
          "mqtt",
          "topic"
        ]
      }
    }
  },
  "mqtt:topic:e6c05734": {
    "class": "org.eclipse.smarthome.core.thing.internal.ThingImpl",
    "value": {
      "label": "Badkamer",
      "bridgeUID": {
        "segments": [
          "mqtt",
          "systemBroker",
          "mqttlocalhost"
        ]
      },
      "channels": [
        {
          "acceptedItemType": "Switch",
          "kind": "STATE",
          "uid": {
            "segments": [
              "mqtt",
              "topic",
              "e6c05734",
              "Badkamer_switch"
            ]
          },
          "channelTypeUID": {
            "segments": [
              "mqtt",
              "switch"
            ]
          },
          "configuration": {
            "properties": {
              "commandTopic": "homie/device0014/light-status/state/set",
              "stateTopic": "homie/device0014/light-status/state",
              "off": "OFF",
              "on": "ON"
            }
          },
          "properties": {},
          "defaultTags": []
        }
      ],
      "configuration": {
        "properties": {}
      },
      "properties": {},
      "uid": {
        "segments": [
          "mqtt",
          "topic",
          "e6c05734"
        ]
      },
      "thingTypeUID": {
        "segments": [
          "mqtt",
          "topic"
        ]
      }
    }
  },
  "mqtt:topic:e370527a": {
    "class": "org.eclipse.smarthome.core.thing.internal.ThingImpl",
    "value": {
      "label": "Zolder",
      "bridgeUID": {
        "segments": [
          "mqtt",
          "systemBroker",
          "mqttlocalhost"
        ]
      },
      "channels": [
        {
          "acceptedItemType": "Switch",
          "kind": "STATE",
          "uid": {
            "segments": [
              "mqtt",
              "topic",
              "e370527a",
              "Zolder_switch"
            ]
          },
          "channelTypeUID": {
            "segments": [
              "mqtt",
              "switch"
            ]
          },
          "configuration": {
            "properties": {
              "commandTopic": "homie/device0008/light-status/state/set",
              "stateTopic": "homie/device0008/light-status/state",
              "off": "OFF",
              "on": "ON"
            }
          },
          "properties": {},
          "defaultTags": []
        }
      ],
      "configuration": {
        "properties": {}
      },
      "properties": {},
      "uid": {
        "segments": [
          "mqtt",
          "topic",
          "e370527a"
        ]
      },
      "thingTypeUID": {
        "segments": [
          "mqtt",
          "topic"
        ]
      }
    }
  },
  "mqtt:topic:07af1b8c": {
    "class": "org.eclipse.smarthome.core.thing.internal.ThingImpl",
    "value": {
      "label": "Oprit",
      "bridgeUID": {
        "segments": [
          "mqtt",
          "systemBroker",
          "mqttlocalhost"
        ]
      },
      "channels": [
        {
          "acceptedItemType": "Switch",
          "kind": "STATE",
          "uid": {
            "segments": [
              "mqtt",
              "topic",
              "07af1b8c",
              "Oprit_switch"
            ]
          },
          "channelTypeUID": {
            "segments": [
              "mqtt",
              "switch"
            ]
          },
          "configuration": {
            "properties": {
              "commandTopic": "homie/device0006/light-status/state/set",
              "stateTopic": "homie/device0006/light-status/state",
              "off": "OFF",
              "on": "ON"
            }
          },
          "properties": {},
          "defaultTags": []
        }
      ],
      "configuration": {
        "properties": {}
      },
      "properties": {},
      "uid": {
        "segments": [
          "mqtt",
          "topic",
          "07af1b8c"
        ]
      },
      "thingTypeUID": {
        "segments": [
          "mqtt",
          "topic"
        ]
      }
    }
  },
  "mqtt:topic:d3953da9": {
    "class": "org.eclipse.smarthome.core.thing.internal.ThingImpl",
    "value": {
      "label": "WC beneden",
      "bridgeUID": {
        "segments": [
          "mqtt",
          "systemBroker",
          "mqttlocalhost"
        ]
      },
      "channels": [
        {
          "acceptedItemType": "Switch",
          "kind": "STATE",
          "uid": {
            "segments": [
              "mqtt",
              "topic",
              "d3953da9",
              "wc_beneden_switch"
            ]
          },
          "channelTypeUID": {
            "segments": [
              "mqtt",
              "switch"
            ]
          },
          "configuration": {
            "properties": {
              "commandTopic": "homie/device0003/light-status/state/set",
              "stateTopic": "homie/device0003/light-status/state",
              "off": "OFF",
              "on": "ON"
            }
          },
          "properties": {},
          "defaultTags": []
        }
      ],
      "configuration": {
        "properties": {}
      },
      "properties": {},
      "uid": {
        "segments": [
          "mqtt",
          "topic",
          "d3953da9"
        ]
      },
      "thingTypeUID": {
        "segments": [
          "mqtt",
          "topic"
        ]
      }
    }
  },
  "mqtt:topic:6562a231": {
    "class": "org.eclipse.smarthome.core.thing.internal.ThingImpl",
    "value": {
      "label": "Eetplaats",
      "bridgeUID": {
        "segments": [
          "mqtt",
          "systemBroker",
          "mqttlocalhost"
        ]
      },
      "channels": [
        {
          "acceptedItemType": "Switch",
          "kind": "STATE",
          "uid": {
            "segments": [
              "mqtt",
              "topic",
              "6562a231",
              "Eetplaats_switch"
            ]
          },
          "channelTypeUID": {
            "segments": [
              "mqtt",
              "switch"
            ]
          },
          "configuration": {
            "properties": {
              "commandTopic": "homie/device0016/dimmer-state/state/set",
              "stateTopic": "homie/device0016/dimmer-state/state",
              "off": "OFF",
              "on": "ON"
            }
          },
          "properties": {},
          "defaultTags": []
        },
        {
          "acceptedItemType": "Dimmer",
          "kind": "STATE",
          "uid": {
            "segments": [
              "mqtt",
              "topic",
              "6562a231",
              "eetplaats_dimmer"
            ]
          },
          "channelTypeUID": {
            "segments": [
              "mqtt",
              "dimmer"
            ]
          },
          "configuration": {
            "properties": {
              "commandTopic": "homie/device0016/dimmer-amount/dimmer/set",
              "min": 0.0,
              "formatBeforePublish": "%d",
              "stateTopic": "homie/device0016/dimmer-amount/dimmer",
              "max": 100.0
            }
          },
          "properties": {},
          "defaultTags": []
        }
      ],
      "configuration": {
        "properties": {}
      },
      "properties": {},
      "uid": {
        "segments": [
          "mqtt",
          "topic",
          "6562a231"
        ]
      },
      "thingTypeUID": {
        "segments": [
          "mqtt",
          "topic"
        ]
      }
    }
  }
}