{
  "Trap_Light_2Dstatus_State -\u003e mqtt:homie300:2f8d4384:device0010:light_2Dstatus#state": {
    "class": "org.eclipse.smarthome.core.thing.link.ItemChannelLink",
    "value": {
      "channelUID": {
        "segments": [
          "mqtt",
          "homie300",
          "2f8d4384",
          "device0010",
          "light_2Dstatus#state"
        ]
      },
      "configuration": {
        "properties": {
          "profile": "system:default"
        }
      },
      "itemName": "Trap_Light_2Dstatus_State"
    }
  },
  "WCBoven_LightStatus_State -\u003e mqtt:homie300:2f8d4384:device0013:light-status#state": {
    "class": "org.eclipse.smarthome.core.thing.link.ItemChannelLink",
    "value": {
      "channelUID": {
        "segments": [
          "mqtt",
          "homie300",
          "2f8d4384",
          "device0013",
          "light-status#state"
        ]
      },
      "configuration": {
        "properties": {
          "profile": "system:default"
        }
      },
      "itemName": "WCBoven_LightStatus_State"
    }
  },
  "Traphal_Light_2Dstatus_State -\u003e mqtt:homie300:2f8d4384:device0009:light_2Dstatus#state": {
    "class": "org.eclipse.smarthome.core.thing.link.ItemChannelLink",
    "value": {
      "channelUID": {
        "segments": [
          "mqtt",
          "homie300",
          "2f8d4384",
          "device0009",
          "light_2Dstatus#state"
        ]
      },
      "configuration": {
        "properties": {
          "profile": "system:default"
        }
      },
      "itemName": "Traphal_Light_2Dstatus_State"
    }
  },
  "Gang_Light_2Dstatus_State -\u003e mqtt:homie300:2f8d4384:device0002:light_2Dstatus#state": {
    "class": "org.eclipse.smarthome.core.thing.link.ItemChannelLink",
    "value": {
      "channelUID": {
        "segments": [
          "mqtt",
          "homie300",
          "2f8d4384",
          "device0002",
          "light_2Dstatus#state"
        ]
      },
      "configuration": {
        "properties": {
          "profile": "system:default"
        }
      },
      "itemName": "Gang_Light_2Dstatus_State"
    }
  },
  "Garage_Light_Switch -\u003e mqtt:topic:b472948e:Switch": {
    "class": "org.eclipse.smarthome.core.thing.link.ItemChannelLink",
    "value": {
      "channelUID": {
        "segments": [
          "mqtt",
          "topic",
          "b472948e",
          "Switch"
        ]
      },
      "configuration": {
        "properties": {
          "profile": "system:default"
        }
      },
      "itemName": "Garage_Light_Switch"
    }
  },
  "SpotsKeuken_Light_2Dstatus_State -\u003e mqtt:homie300:06dc7efa:device0005:light_2Dstatus#state": {
    "class": "org.eclipse.smarthome.core.thing.link.ItemChannelLink",
    "value": {
      "channelUID": {
        "segments": [
          "mqtt",
          "homie300",
          "06dc7efa",
          "device0005",
          "light_2Dstatus#state"
        ]
      },
      "configuration": {
        "properties": {
          "profile": "system:default"
        }
      },
      "itemName": "SpotsKeuken_Light_2Dstatus_State"
    }
  },
  "Badkamer_LightStatus_State -\u003e mqtt:homie300:baff21e8:light-status#state": {
    "class": "org.eclipse.smarthome.core.thing.link.ItemChannelLink",
    "value": {
      "channelUID": {
        "segments": [
          "mqtt",
          "homie300",
          "baff21e8",
          "light-status#state"
        ]
      },
      "configuration": {
        "properties": {
          "profile": "system:default"
        }
      },
      "itemName": "Badkamer_LightStatus_State"
    }
  },
  "Gang_LightStatus_State -\u003e mqtt:homie300:2f8d4384:device0002:light-status#state": {
    "class": "org.eclipse.smarthome.core.thing.link.ItemChannelLink",
    "value": {
      "channelUID": {
        "segments": [
          "mqtt",
          "homie300",
          "2f8d4384",
          "device0002",
          "light-status#state"
        ]
      },
      "configuration": {
        "properties": {
          "profile": "system:default"
        }
      },
      "itemName": "Gang_LightStatus_State"
    }
  },
  "Zolder_LightStatus_State -\u003e mqtt:homie300:2f8d4384:device0008:light-status#state": {
    "class": "org.eclipse.smarthome.core.thing.link.ItemChannelLink",
    "value": {
      "channelUID": {
        "segments": [
          "mqtt",
          "homie300",
          "2f8d4384",
          "device0008",
          "light-status#state"
        ]
      },
      "configuration": {
        "properties": {
          "profile": "system:default"
        }
      },
      "itemName": "Zolder_LightStatus_State"
    }
  },
  "WCBoven_Light_Switch -\u003e mqtt:topic:5f10ce30:WCBoven_switch": {
    "class": "org.eclipse.smarthome.core.thing.link.ItemChannelLink",
    "value": {
      "channelUID": {
        "segments": [
          "mqtt",
          "topic",
          "5f10ce30",
          "WCBoven_switch"
        ]
      },
      "configuration": {
        "properties": {
          "profile": "system:default"
        }
      },
      "itemName": "WCBoven_Light_Switch"
    }
  },
  "Traphal_Light_Switch -\u003e mqtt:topic:0677b7ab:Traphal_switch": {
    "class": "org.eclipse.smarthome.core.thing.link.ItemChannelLink",
    "value": {
      "channelUID": {
        "segments": [
          "mqtt",
          "topic",
          "0677b7ab",
          "Traphal_switch"
        ]
      },
      "configuration": {
        "properties": {
          "profile": "system:default"
        }
      },
      "itemName": "Traphal_Light_Switch"
    }
  },
  "Zolder_Light_Switch -\u003e mqtt:topic:e370527a:Zolder_switch": {
    "class": "org.eclipse.smarthome.core.thing.link.ItemChannelLink",
    "value": {
      "channelUID": {
        "segments": [
          "mqtt",
          "topic",
          "e370527a",
          "Zolder_switch"
        ]
      },
      "configuration": {
        "properties": {
          "profile": "system:default"
        }
      },
      "itemName": "Zolder_Light_Switch"
    }
  },
  "Keuken_Light_Switch -\u003e mqtt:topic:e335209a:Keuken_switch": {
    "class": "org.eclipse.smarthome.core.thing.link.ItemChannelLink",
    "value": {
      "channelUID": {
        "segments": [
          "mqtt",
          "topic",
          "e335209a",
          "Keuken_switch"
        ]
      },
      "configuration": {
        "properties": {
          "profile": "system:default"
        }
      },
      "itemName": "Keuken_Light_Switch"
    }
  },
  "Traphal_LightStatus_State -\u003e mqtt:homie300:2f8d4384:device0009:light-status#state": {
    "class": "org.eclipse.smarthome.core.thing.link.ItemChannelLink",
    "value": {
      "channelUID": {
        "segments": [
          "mqtt",
          "homie300",
          "2f8d4384",
          "device0009",
          "light-status#state"
        ]
      },
      "configuration": {
        "properties": {
          "profile": "system:default"
        }
      },
      "itemName": "Traphal_LightStatus_State"
    }
  },
  "Badkamer_Light_2Dstatus_State -\u003e mqtt:homie300:2f8d4384:device0014:light_2Dstatus#state": {
    "class": "org.eclipse.smarthome.core.thing.link.ItemChannelLink",
    "value": {
      "channelUID": {
        "segments": [
          "mqtt",
          "homie300",
          "2f8d4384",
          "device0014",
          "light_2Dstatus#state"
        ]
      },
      "configuration": {
        "properties": {
          "profile": "system:default"
        }
      },
      "itemName": "Badkamer_Light_2Dstatus_State"
    }
  },
  "Slaapkamer_Dimmer -\u003e mqtt:topic:ecefa74e:Slaapkamer_dimmer": {
    "class": "org.eclipse.smarthome.core.thing.link.ItemChannelLink",
    "value": {
      "channelUID": {
        "segments": [
          "mqtt",
          "topic",
          "ecefa74e",
          "Slaapkamer_dimmer"
        ]
      },
      "configuration": {
        "properties": {
          "profile": "system:default"
        }
      },
      "itemName": "Slaapkamer_Dimmer"
    }
  },
  "SpotsKeuken_LightStatus_State -\u003e mqtt:homie300:2f8d4384:device0005:light-status#state": {
    "class": "org.eclipse.smarthome.core.thing.link.ItemChannelLink",
    "value": {
      "channelUID": {
        "segments": [
          "mqtt",
          "homie300",
          "2f8d4384",
          "device0005",
          "light-status#state"
        ]
      },
      "configuration": {
        "properties": {
          "profile": "system:default"
        }
      },
      "itemName": "SpotsKeuken_LightStatus_State"
    }
  },
  "Keuken_Dimmer -\u003e mqtt:topic:e335209a:Keuken_dimmer": {
    "class": "org.eclipse.smarthome.core.thing.link.ItemChannelLink",
    "value": {
      "channelUID": {
        "segments": [
          "mqtt",
          "topic",
          "e335209a",
          "Keuken_dimmer"
        ]
      },
      "configuration": {
        "properties": {
          "profile": "system:default"
        }
      },
      "itemName": "Keuken_Dimmer"
    }
  },
  "Oprit_Light_Switch -\u003e mqtt:topic:07af1b8c:Oprit_switch": {
    "class": "org.eclipse.smarthome.core.thing.link.ItemChannelLink",
    "value": {
      "channelUID": {
        "segments": [
          "mqtt",
          "topic",
          "07af1b8c",
          "Oprit_switch"
        ]
      },
      "configuration": {
        "properties": {
          "profile": "system:default"
        }
      },
      "itemName": "Oprit_Light_Switch"
    }
  },
  "Oprit_LightStatus_State -\u003e mqtt:homie300:2f8d4384:device0006:light-status#state": {
    "class": "org.eclipse.smarthome.core.thing.link.ItemChannelLink",
    "value": {
      "channelUID": {
        "segments": [
          "mqtt",
          "homie300",
          "2f8d4384",
          "device0006",
          "light-status#state"
        ]
      },
      "configuration": {
        "properties": {
          "profile": "system:default"
        }
      },
      "itemName": "Oprit_LightStatus_State"
    }
  },
  "WCBoven_Light_2Dstatus_State -\u003e mqtt:homie300:2f8d4384:device0013:light_2Dstatus#state": {
    "class": "org.eclipse.smarthome.core.thing.link.ItemChannelLink",
    "value": {
      "channelUID": {
        "segments": [
          "mqtt",
          "homie300",
          "2f8d4384",
          "device0013",
          "light_2Dstatus#state"
        ]
      },
      "configuration": {
        "properties": {
          "profile": "system:default"
        }
      },
      "itemName": "WCBoven_Light_2Dstatus_State"
    }
  },
  "Kinderkamer2_LightStatus_State -\u003e mqtt:homie300:2f8d4384:device0012:light-status#state": {
    "class": "org.eclipse.smarthome.core.thing.link.ItemChannelLink",
    "value": {
      "channelUID": {
        "segments": [
          "mqtt",
          "homie300",
          "2f8d4384",
          "device0012",
          "light-status#state"
        ]
      },
      "configuration": {
        "properties": {
          "profile": "system:default"
        }
      },
      "itemName": "Kinderkamer2_LightStatus_State"
    }
  },
  "Eetplaats_Light_Switch -\u003e mqtt:topic:6562a231:Eetplaats_switch": {
    "class": "org.eclipse.smarthome.core.thing.link.ItemChannelLink",
    "value": {
      "channelUID": {
        "segments": [
          "mqtt",
          "topic",
          "6562a231",
          "Eetplaats_switch"
        ]
      },
      "configuration": {
        "properties": {
          "profile": "system:default"
        }
      },
      "itemName": "Eetplaats_Light_Switch"
    }
  },
  "Terras_Light_Switch -\u003e mqtt:topic:4a23fc33:Terras_switch": {
    "class": "org.eclipse.smarthome.core.thing.link.ItemChannelLink",
    "value": {
      "channelUID": {
        "segments": [
          "mqtt",
          "topic",
          "4a23fc33",
          "Terras_switch"
        ]
      },
      "configuration": {
        "properties": {
          "profile": "system:default"
        }
      },
      "itemName": "Terras_Light_Switch"
    }
  },
  "SpotsKeuken_Light_2Dstatus_State -\u003e mqtt:homie300:mqttlocalhost:device0005:light_2Dstatus#state": {
    "class": "org.eclipse.smarthome.core.thing.link.ItemChannelLink",
    "value": {
      "channelUID": {
        "segments": [
          "mqtt",
          "homie300",
          "mqttlocalhost",
          "device0005",
          "light_2Dstatus#state"
        ]
      },
      "configuration": {
        "properties": {
          "profile": "system:default"
        }
      },
      "itemName": "SpotsKeuken_Light_2Dstatus_State"
    }
  },
  "Spots_Trap_Light_Switch -\u003e mqtt:topic:639aebdb:Trap_switch": {
    "class": "org.eclipse.smarthome.core.thing.link.ItemChannelLink",
    "value": {
      "channelUID": {
        "segments": [
          "mqtt",
          "topic",
          "639aebdb",
          "Trap_switch"
        ]
      },
      "configuration": {
        "properties": {
          "profile": "system:default"
        }
      },
      "itemName": "Spots_Trap_Light_Switch"
    }
  },
  "WCBeneden_Light_Switch -\u003e mqtt:topic:d3953da9:wc_beneden_switch": {
    "class": "org.eclipse.smarthome.core.thing.link.ItemChannelLink",
    "value": {
      "channelUID": {
        "segments": [
          "mqtt",
          "topic",
          "d3953da9",
          "wc_beneden_switch"
        ]
      },
      "configuration": {
        "properties": {
          "profile": "system:default"
        }
      },
      "itemName": "WCBeneden_Light_Switch"
    }
  },
  "Terras_Light_2Dstatus_State -\u003e mqtt:homie300:2f8d4384:device0007:light_2Dstatus#state": {
    "class": "org.eclipse.smarthome.core.thing.link.ItemChannelLink",
    "value": {
      "channelUID": {
        "segments": [
          "mqtt",
          "homie300",
          "2f8d4384",
          "device0007",
          "light_2Dstatus#state"
        ]
      },
      "configuration": {
        "properties": {
          "profile": "system:default"
        }
      },
      "itemName": "Terras_Light_2Dstatus_State"
    }
  },
  "WCBeneden_LightStatus_State -\u003e mqtt:homie300:2f8d4384:device0003:light-status#state": {
    "class": "org.eclipse.smarthome.core.thing.link.ItemChannelLink",
    "value": {
      "channelUID": {
        "segments": [
          "mqtt",
          "homie300",
          "2f8d4384",
          "device0003",
          "light-status#state"
        ]
      },
      "configuration": {
        "properties": {
          "profile": "system:default"
        }
      },
      "itemName": "WCBeneden_LightStatus_State"
    }
  },
  "WCBeneden_Light_2Dstatus_State -\u003e mqtt:homie300:2f8d4384:device0003:light_2Dstatus#state": {
    "class": "org.eclipse.smarthome.core.thing.link.ItemChannelLink",
    "value": {
      "channelUID": {
        "segments": [
          "mqtt",
          "homie300",
          "2f8d4384",
          "device0003",
          "light_2Dstatus#state"
        ]
      },
      "configuration": {
        "properties": {
          "profile": "system:default"
        }
      },
      "itemName": "WCBeneden_Light_2Dstatus_State"
    }
  },
  "Kinderkamer1_Light_Switch -\u003e mqtt:topic:c6f05c7c:Kinderkamer1_switch": {
    "class": "org.eclipse.smarthome.core.thing.link.ItemChannelLink",
    "value": {
      "channelUID": {
        "segments": [
          "mqtt",
          "topic",
          "c6f05c7c",
          "Kinderkamer1_switch"
        ]
      },
      "configuration": {
        "properties": {
          "profile": "system:default"
        }
      },
      "itemName": "Kinderkamer1_Light_Switch"
    }
  },
  "Oprit_Light_2Dstatus_State -\u003e mqtt:homie300:2f8d4384:device0006:light_2Dstatus#state": {
    "class": "org.eclipse.smarthome.core.thing.link.ItemChannelLink",
    "value": {
      "channelUID": {
        "segments": [
          "mqtt",
          "homie300",
          "2f8d4384",
          "device0006",
          "light_2Dstatus#state"
        ]
      },
      "configuration": {
        "properties": {
          "profile": "system:default"
        }
      },
      "itemName": "Oprit_Light_2Dstatus_State"
    }
  },
  "Trap_LightStatus_State -\u003e mqtt:homie300:2f8d4384:device0010:light-status#state": {
    "class": "org.eclipse.smarthome.core.thing.link.ItemChannelLink",
    "value": {
      "channelUID": {
        "segments": [
          "mqtt",
          "homie300",
          "2f8d4384",
          "device0010",
          "light-status#state"
        ]
      },
      "configuration": {
        "properties": {
          "profile": "system:follow"
        }
      },
      "itemName": "Trap_LightStatus_State"
    }
  },
  "SpotsKeuken_LightStatus_State -\u003e mqtt:homie300:9616ca3f:light-status#state": {
    "class": "org.eclipse.smarthome.core.thing.link.ItemChannelLink",
    "value": {
      "channelUID": {
        "segments": [
          "mqtt",
          "homie300",
          "9616ca3f",
          "light-status#state"
        ]
      },
      "configuration": {
        "properties": {
          "profile": "system:default"
        }
      },
      "itemName": "SpotsKeuken_LightStatus_State"
    }
  },
  "Berging_LightStatus_State -\u003e mqtt:homie300:2f8d4384:device0004:light-status#state": {
    "class": "org.eclipse.smarthome.core.thing.link.ItemChannelLink",
    "value": {
      "channelUID": {
        "segments": [
          "mqtt",
          "homie300",
          "2f8d4384",
          "device0004",
          "light-status#state"
        ]
      },
      "configuration": {
        "properties": {
          "profile": "system:default"
        }
      },
      "itemName": "Berging_LightStatus_State"
    }
  },
  "Eetplaats_Dimmer -\u003e mqtt:topic:6562a231:eetplaats_dimmer": {
    "class": "org.eclipse.smarthome.core.thing.link.ItemChannelLink",
    "value": {
      "channelUID": {
        "segments": [
          "mqtt",
          "topic",
          "6562a231",
          "eetplaats_dimmer"
        ]
      },
      "configuration": {
        "properties": {
          "profile": "system:default"
        }
      },
      "itemName": "Eetplaats_Dimmer"
    }
  },
  "Living_Dimmer -\u003e mqtt:topic:9579ebc4:Living_dimmer": {
    "class": "org.eclipse.smarthome.core.thing.link.ItemChannelLink",
    "value": {
      "channelUID": {
        "segments": [
          "mqtt",
          "topic",
          "9579ebc4",
          "Living_dimmer"
        ]
      },
      "configuration": {
        "properties": {
          "profile": "system:default"
        }
      },
      "itemName": "Living_Dimmer"
    }
  },
  "SpotsKeuken_LightStatus_State -\u003e mqtt:homie300:b210b000:light-status#state": {
    "class": "org.eclipse.smarthome.core.thing.link.ItemChannelLink",
    "value": {
      "channelUID": {
        "segments": [
          "mqtt",
          "homie300",
          "b210b000",
          "light-status#state"
        ]
      },
      "configuration": {
        "properties": {
          "profile": "system:default"
        }
      },
      "itemName": "SpotsKeuken_LightStatus_State"
    }
  },
  "Terras_LightStatus_State -\u003e mqtt:homie300:2f8d4384:device0007:light-status#state": {
    "class": "org.eclipse.smarthome.core.thing.link.ItemChannelLink",
    "value": {
      "channelUID": {
        "segments": [
          "mqtt",
          "homie300",
          "2f8d4384",
          "device0007",
          "light-status#state"
        ]
      },
      "configuration": {
        "properties": {
          "profile": "system:default"
        }
      },
      "itemName": "Terras_LightStatus_State"
    }
  },
  "Spots_Keuken_Light_Switch -\u003e mqtt:topic:88de7578:Spots": {
    "class": "org.eclipse.smarthome.core.thing.link.ItemChannelLink",
    "value": {
      "channelUID": {
        "segments": [
          "mqtt",
          "topic",
          "88de7578",
          "Spots"
        ]
      },
      "configuration": {
        "properties": {
          "profile": "system:default"
        }
      },
      "itemName": "Spots_Keuken_Light_Switch"
    }
  },
  "Eetplaats_Dimmer -\u003e mqtt:topic:6562a231:Eetplaats_dimmer": {
    "class": "org.eclipse.smarthome.core.thing.link.ItemChannelLink",
    "value": {
      "channelUID": {
        "segments": [
          "mqtt",
          "topic",
          "6562a231",
          "Eetplaats_dimmer"
        ]
      },
      "configuration": {
        "properties": {
          "profile": "system:default"
        }
      },
      "itemName": "Eetplaats_Dimmer"
    }
  },
  "Garage_LightStatus_State -\u003e mqtt:homie300:2f8d4384:device0001:light-status#state": {
    "class": "org.eclipse.smarthome.core.thing.link.ItemChannelLink",
    "value": {
      "channelUID": {
        "segments": [
          "mqtt",
          "homie300",
          "2f8d4384",
          "device0001",
          "light-status#state"
        ]
      },
      "configuration": {
        "properties": {
          "profile": "system:default"
        }
      },
      "itemName": "Garage_LightStatus_State"
    }
  },
  "Slaapkamer_Light_Switch -\u003e mqtt:topic:ecefa74e:Slaapkamer_switch": {
    "class": "org.eclipse.smarthome.core.thing.link.ItemChannelLink",
    "value": {
      "channelUID": {
        "segments": [
          "mqtt",
          "topic",
          "ecefa74e",
          "Slaapkamer_switch"
        ]
      },
      "configuration": {
        "properties": {
          "profile": "system:default"
        }
      },
      "itemName": "Slaapkamer_Light_Switch"
    }
  },
  "Berging_Light_2Dstatus_State -\u003e mqtt:homie300:2f8d4384:device0004:light_2Dstatus#state": {
    "class": "org.eclipse.smarthome.core.thing.link.ItemChannelLink",
    "value": {
      "channelUID": {
        "segments": [
          "mqtt",
          "homie300",
          "2f8d4384",
          "device0004",
          "light_2Dstatus#state"
        ]
      },
      "configuration": {
        "properties": {
          "profile": "system:default"
        }
      },
      "itemName": "Berging_Light_2Dstatus_State"
    }
  },
  "Gang_Light_Switch -\u003e mqtt:topic:f2b1337f:Gang_switch": {
    "class": "org.eclipse.smarthome.core.thing.link.ItemChannelLink",
    "value": {
      "channelUID": {
        "segments": [
          "mqtt",
          "topic",
          "f2b1337f",
          "Gang_switch"
        ]
      },
      "configuration": {
        "properties": {
          "profile": "system:default"
        }
      },
      "itemName": "Gang_Light_Switch"
    }
  },
  "SpotsKeuken_Light_2Dstatus_State -\u003e mqtt:homie300:2f8d4384:device0005:light_2Dstatus#state": {
    "class": "org.eclipse.smarthome.core.thing.link.ItemChannelLink",
    "value": {
      "channelUID": {
        "segments": [
          "mqtt",
          "homie300",
          "2f8d4384",
          "device0005",
          "light_2Dstatus#state"
        ]
      },
      "configuration": {
        "properties": {
          "profile": "system:default"
        }
      },
      "itemName": "SpotsKeuken_Light_2Dstatus_State"
    }
  },
  "Kinderkamer2_Light_Switch -\u003e mqtt:topic:52a0bf1d:Kinderkamer2_switch": {
    "class": "org.eclipse.smarthome.core.thing.link.ItemChannelLink",
    "value": {
      "channelUID": {
        "segments": [
          "mqtt",
          "topic",
          "52a0bf1d",
          "Kinderkamer2_switch"
        ]
      },
      "configuration": {
        "properties": {
          "profile": "system:default"
        }
      },
      "itemName": "Kinderkamer2_Light_Switch"
    }
  },
  "Garage_Light_2Dstatus_State -\u003e mqtt:homie300:2f8d4384:device0001:light_2Dstatus#state": {
    "class": "org.eclipse.smarthome.core.thing.link.ItemChannelLink",
    "value": {
      "channelUID": {
        "segments": [
          "mqtt",
          "homie300",
          "2f8d4384",
          "device0001",
          "light_2Dstatus#state"
        ]
      },
      "configuration": {
        "properties": {
          "profile": "system:default"
        }
      },
      "itemName": "Garage_Light_2Dstatus_State"
    }
  },
  "Zolder_Light_2Dstatus_State -\u003e mqtt:homie300:2f8d4384:device0008:light_2Dstatus#state": {
    "class": "org.eclipse.smarthome.core.thing.link.ItemChannelLink",
    "value": {
      "channelUID": {
        "segments": [
          "mqtt",
          "homie300",
          "2f8d4384",
          "device0008",
          "light_2Dstatus#state"
        ]
      },
      "configuration": {
        "properties": {
          "profile": "system:default"
        }
      },
      "itemName": "Zolder_Light_2Dstatus_State"
    }
  },
  "Living_Light_Switch -\u003e mqtt:topic:9579ebc4:Living_switch": {
    "class": "org.eclipse.smarthome.core.thing.link.ItemChannelLink",
    "value": {
      "channelUID": {
        "segments": [
          "mqtt",
          "topic",
          "9579ebc4",
          "Living_switch"
        ]
      },
      "configuration": {
        "properties": {
          "profile": "system:default"
        }
      },
      "itemName": "Living_Light_Switch"
    }
  },
  "Kinderkamer2_Light_2Dstatus_State -\u003e mqtt:homie300:2f8d4384:device0012:light_2Dstatus#state": {
    "class": "org.eclipse.smarthome.core.thing.link.ItemChannelLink",
    "value": {
      "channelUID": {
        "segments": [
          "mqtt",
          "homie300",
          "2f8d4384",
          "device0012",
          "light_2Dstatus#state"
        ]
      },
      "configuration": {
        "properties": {
          "profile": "system:default"
        }
      },
      "itemName": "Kinderkamer2_Light_2Dstatus_State"
    }
  },
  "Badkamer_Light_Switch -\u003e mqtt:topic:e6c05734:Badkamer_switch": {
    "class": "org.eclipse.smarthome.core.thing.link.ItemChannelLink",
    "value": {
      "channelUID": {
        "segments": [
          "mqtt",
          "topic",
          "e6c05734",
          "Badkamer_switch"
        ]
      },
      "configuration": {
        "properties": {
          "profile": "system:default"
        }
      },
      "itemName": "Badkamer_Light_Switch"
    }
  },
  "Kinderkamer1_Light_2Dstatus_State -\u003e mqtt:homie300:2f8d4384:device0011:light_2Dstatus#state": {
    "class": "org.eclipse.smarthome.core.thing.link.ItemChannelLink",
    "value": {
      "channelUID": {
        "segments": [
          "mqtt",
          "homie300",
          "2f8d4384",
          "device0011",
          "light_2Dstatus#state"
        ]
      },
      "configuration": {
        "properties": {
          "profile": "system:default"
        }
      },
      "itemName": "Kinderkamer1_Light_2Dstatus_State"
    }
  },
  "Berging_Light_Switch -\u003e mqtt:topic:e2d6e5bf:Bergng_switch": {
    "class": "org.eclipse.smarthome.core.thing.link.ItemChannelLink",
    "value": {
      "channelUID": {
        "segments": [
          "mqtt",
          "topic",
          "e2d6e5bf",
          "Bergng_switch"
        ]
      },
      "configuration": {
        "properties": {
          "profile": "system:default"
        }
      },
      "itemName": "Berging_Light_Switch"
    }
  },
  "Kinderkamer1_LightStatus_State -\u003e mqtt:homie300:2f8d4384:device0011:light-status#state": {
    "class": "org.eclipse.smarthome.core.thing.link.ItemChannelLink",
    "value": {
      "channelUID": {
        "segments": [
          "mqtt",
          "homie300",
          "2f8d4384",
          "device0011",
          "light-status#state"
        ]
      },
      "configuration": {
        "properties": {
          "profile": "system:default"
        }
      },
      "itemName": "Kinderkamer1_LightStatus_State"
    }
  }
}