{
  "mqtt:homie300:mqttlocalhost:device0010": {
    "class": "org.eclipse.smarthome.config.discovery.internal.DiscoveryResultImpl",
    "value": {
      "bridgeUID": {
        "segments": [
          "mqtt",
          "systemBroker",
          "mqttlocalhost"
        ]
      },
      "thingUID": {
        "segments": [
          "mqtt",
          "homie300",
          "mqttlocalhost",
          "device0010"
        ]
      },
      "thingTypeUID": {
        "segments": [
          "mqtt",
          "homie300"
        ]
      },
      "properties": {
        "deviceid": "device0010",
        "basetopic": "homie"
      },
      "representationProperty": "deviceid",
      "flag": "NEW",
      "label": "Trap",
      "timestamp": 1596282977548,
      "timeToLive": -1
    }
  },
  "mqtt:homie300:mqttlocalhost:device0014": {
    "class": "org.eclipse.smarthome.config.discovery.internal.DiscoveryResultImpl",
    "value": {
      "bridgeUID": {
        "segments": [
          "mqtt",
          "systemBroker",
          "mqttlocalhost"
        ]
      },
      "thingUID": {
        "segments": [
          "mqtt",
          "homie300",
          "mqttlocalhost",
          "device0014"
        ]
      },
      "thingTypeUID": {
        "segments": [
          "mqtt",
          "homie300"
        ]
      },
      "properties": {
        "deviceid": "device0014",
        "basetopic": "homie"
      },
      "representationProperty": "deviceid",
      "flag": "NEW",
      "label": "Badkamer",
      "timestamp": 1596282977545,
      "timeToLive": -1
    }
  },
  "mqtt:homie300:mqttlocalhost:device0013": {
    "class": "org.eclipse.smarthome.config.discovery.internal.DiscoveryResultImpl",
    "value": {
      "bridgeUID": {
        "segments": [
          "mqtt",
          "systemBroker",
          "mqttlocalhost"
        ]
      },
      "thingUID": {
        "segments": [
          "mqtt",
          "homie300",
          "mqttlocalhost",
          "device0013"
        ]
      },
      "thingTypeUID": {
        "segments": [
          "mqtt",
          "homie300"
        ]
      },
      "properties": {
        "deviceid": "device0013",
        "basetopic": "homie"
      },
      "representationProperty": "deviceid",
      "flag": "NEW",
      "label": "WC boven",
      "timestamp": 1596282977550,
      "timeToLive": -1
    }
  },
  "mqtt:homie300:mqttlocalhost:device0012": {
    "class": "org.eclipse.smarthome.config.discovery.internal.DiscoveryResultImpl",
    "value": {
      "bridgeUID": {
        "segments": [
          "mqtt",
          "systemBroker",
          "mqttlocalhost"
        ]
      },
      "thingUID": {
        "segments": [
          "mqtt",
          "homie300",
          "mqttlocalhost",
          "device0012"
        ]
      },
      "thingTypeUID": {
        "segments": [
          "mqtt",
          "homie300"
        ]
      },
      "properties": {
        "deviceid": "device0012",
        "basetopic": "homie"
      },
      "representationProperty": "deviceid",
      "flag": "NEW",
      "label": "Kinderkamer 2",
      "timestamp": 1596282977543,
      "timeToLive": -1
    }
  },
  "mqtt:homie300:mqttlocalhost:device0011": {
    "class": "org.eclipse.smarthome.config.discovery.internal.DiscoveryResultImpl",
    "value": {
      "bridgeUID": {
        "segments": [
          "mqtt",
          "systemBroker",
          "mqttlocalhost"
        ]
      },
      "thingUID": {
        "segments": [
          "mqtt",
          "homie300",
          "mqttlocalhost",
          "device0011"
        ]
      },
      "thingTypeUID": {
        "segments": [
          "mqtt",
          "homie300"
        ]
      },
      "properties": {
        "deviceid": "device0011",
        "basetopic": "homie"
      },
      "representationProperty": "deviceid",
      "flag": "NEW",
      "label": "Kinderkamer 1",
      "timestamp": 1596282977548,
      "timeToLive": -1
    }
  },
  "mqtt:homie300:mqttlocalhost:device0018": {
    "class": "org.eclipse.smarthome.config.discovery.internal.DiscoveryResultImpl",
    "value": {
      "bridgeUID": {
        "segments": [
          "mqtt",
          "systemBroker",
          "mqttlocalhost"
        ]
      },
      "thingUID": {
        "segments": [
          "mqtt",
          "homie300",
          "mqttlocalhost",
          "device0018"
        ]
      },
      "thingTypeUID": {
        "segments": [
          "mqtt",
          "homie300"
        ]
      },
      "properties": {
        "deviceid": "device0018",
        "basetopic": "homie"
      },
      "representationProperty": "deviceid",
      "flag": "NEW",
      "label": "Slaapkamer",
      "timestamp": 1596282977551,
      "timeToLive": -1
    }
  },
  "mqtt:homie300:mqttlocalhost:device0017": {
    "class": "org.eclipse.smarthome.config.discovery.internal.DiscoveryResultImpl",
    "value": {
      "bridgeUID": {
        "segments": [
          "mqtt",
          "systemBroker",
          "mqttlocalhost"
        ]
      },
      "thingUID": {
        "segments": [
          "mqtt",
          "homie300",
          "mqttlocalhost",
          "device0017"
        ]
      },
      "thingTypeUID": {
        "segments": [
          "mqtt",
          "homie300"
        ]
      },
      "properties": {
        "deviceid": "device0017",
        "basetopic": "homie"
      },
      "representationProperty": "deviceid",
      "flag": "NEW",
      "label": "Living",
      "timestamp": 1596282977546,
      "timeToLive": -1
    }
  },
  "mqtt:homie300:mqttlocalhost:device0016": {
    "class": "org.eclipse.smarthome.config.discovery.internal.DiscoveryResultImpl",
    "value": {
      "bridgeUID": {
        "segments": [
          "mqtt",
          "systemBroker",
          "mqttlocalhost"
        ]
      },
      "thingUID": {
        "segments": [
          "mqtt",
          "homie300",
          "mqttlocalhost",
          "device0016"
        ]
      },
      "thingTypeUID": {
        "segments": [
          "mqtt",
          "homie300"
        ]
      },
      "properties": {
        "deviceid": "device0016",
        "basetopic": "homie"
      },
      "representationProperty": "deviceid",
      "flag": "NEW",
      "label": "Eetplaats",
      "timestamp": 1596282977541,
      "timeToLive": -1
    }
  },
  "mqtt:homie300:mqttlocalhost:device0015": {
    "class": "org.eclipse.smarthome.config.discovery.internal.DiscoveryResultImpl",
    "value": {
      "bridgeUID": {
        "segments": [
          "mqtt",
          "systemBroker",
          "mqttlocalhost"
        ]
      },
      "thingUID": {
        "segments": [
          "mqtt",
          "homie300",
          "mqttlocalhost",
          "device0015"
        ]
      },
      "thingTypeUID": {
        "segments": [
          "mqtt",
          "homie300"
        ]
      },
      "properties": {
        "deviceid": "device0015",
        "basetopic": "homie"
      },
      "representationProperty": "deviceid",
      "flag": "NEW",
      "label": "Keuken",
      "timestamp": 1596282977549,
      "timeToLive": -1
    }
  },
  "mqtt:homie300:mqttlocalhost:device0003": {
    "class": "org.eclipse.smarthome.config.discovery.internal.DiscoveryResultImpl",
    "value": {
      "bridgeUID": {
        "segments": [
          "mqtt",
          "systemBroker",
          "mqttlocalhost"
        ]
      },
      "thingUID": {
        "segments": [
          "mqtt",
          "homie300",
          "mqttlocalhost",
          "device0003"
        ]
      },
      "thingTypeUID": {
        "segments": [
          "mqtt",
          "homie300"
        ]
      },
      "properties": {
        "deviceid": "device0003",
        "basetopic": "homie"
      },
      "representationProperty": "deviceid",
      "flag": "NEW",
      "label": "WC beneden",
      "timestamp": 1596282977542,
      "timeToLive": -1
    }
  },
  "mqtt:homie300:mqttlocalhost:device0002": {
    "class": "org.eclipse.smarthome.config.discovery.internal.DiscoveryResultImpl",
    "value": {
      "bridgeUID": {
        "segments": [
          "mqtt",
          "systemBroker",
          "mqttlocalhost"
        ]
      },
      "thingUID": {
        "segments": [
          "mqtt",
          "homie300",
          "mqttlocalhost",
          "device0002"
        ]
      },
      "thingTypeUID": {
        "segments": [
          "mqtt",
          "homie300"
        ]
      },
      "properties": {
        "deviceid": "device0002",
        "basetopic": "homie"
      },
      "representationProperty": "deviceid",
      "flag": "NEW",
      "label": "Gang",
      "timestamp": 1596282977532,
      "timeToLive": -1
    }
  },
  "mqtt:homie300:mqttlocalhost:device0001": {
    "class": "org.eclipse.smarthome.config.discovery.internal.DiscoveryResultImpl",
    "value": {
      "bridgeUID": {
        "segments": [
          "mqtt",
          "systemBroker",
          "mqttlocalhost"
        ]
      },
      "thingUID": {
        "segments": [
          "mqtt",
          "homie300",
          "mqttlocalhost",
          "device0001"
        ]
      },
      "thingTypeUID": {
        "segments": [
          "mqtt",
          "homie300"
        ]
      },
      "properties": {
        "deviceid": "device0001",
        "basetopic": "homie"
      },
      "representationProperty": "deviceid",
      "flag": "NEW",
      "label": "Garage",
      "timestamp": 1596282977535,
      "timeToLive": -1
    }
  },
  "mqtt:homie300:mqttlocalhost:device0007": {
    "class": "org.eclipse.smarthome.config.discovery.internal.DiscoveryResultImpl",
    "value": {
      "bridgeUID": {
        "segments": [
          "mqtt",
          "systemBroker",
          "mqttlocalhost"
        ]
      },
      "thingUID": {
        "segments": [
          "mqtt",
          "homie300",
          "mqttlocalhost",
          "device0007"
        ]
      },
      "thingTypeUID": {
        "segments": [
          "mqtt",
          "homie300"
        ]
      },
      "properties": {
        "deviceid": "device0007",
        "basetopic": "homie"
      },
      "representationProperty": "deviceid",
      "flag": "NEW",
      "label": "Terras",
      "timestamp": 1596282977547,
      "timeToLive": -1
    }
  },
  "mqtt:homie300:mqttlocalhost:device0006": {
    "class": "org.eclipse.smarthome.config.discovery.internal.DiscoveryResultImpl",
    "value": {
      "bridgeUID": {
        "segments": [
          "mqtt",
          "systemBroker",
          "mqttlocalhost"
        ]
      },
      "thingUID": {
        "segments": [
          "mqtt",
          "homie300",
          "mqttlocalhost",
          "device0006"
        ]
      },
      "thingTypeUID": {
        "segments": [
          "mqtt",
          "homie300"
        ]
      },
      "properties": {
        "deviceid": "device0006",
        "basetopic": "homie"
      },
      "representationProperty": "deviceid",
      "flag": "NEW",
      "label": "Oprit",
      "timestamp": 1596282977547,
      "timeToLive": -1
    }
  },
  "mqtt:homie300:mqttlocalhost:device0005": {
    "class": "org.eclipse.smarthome.config.discovery.internal.DiscoveryResultImpl",
    "value": {
      "bridgeUID": {
        "segments": [
          "mqtt",
          "systemBroker",
          "mqttlocalhost"
        ]
      },
      "thingUID": {
        "segments": [
          "mqtt",
          "homie300",
          "mqttlocalhost",
          "device0005"
        ]
      },
      "thingTypeUID": {
        "segments": [
          "mqtt",
          "homie300"
        ]
      },
      "properties": {
        "deviceid": "device0005",
        "basetopic": "homie"
      },
      "representationProperty": "deviceid",
      "flag": "NEW",
      "label": "Spots keuken",
      "timestamp": 1596282977544,
      "timeToLive": -1
    }
  },
  "mqtt:homie300:mqttlocalhost:device0004": {
    "class": "org.eclipse.smarthome.config.discovery.internal.DiscoveryResultImpl",
    "value": {
      "bridgeUID": {
        "segments": [
          "mqtt",
          "systemBroker",
          "mqttlocalhost"
        ]
      },
      "thingUID": {
        "segments": [
          "mqtt",
          "homie300",
          "mqttlocalhost",
          "device0004"
        ]
      },
      "thingTypeUID": {
        "segments": [
          "mqtt",
          "homie300"
        ]
      },
      "properties": {
        "deviceid": "device0004",
        "basetopic": "homie"
      },
      "representationProperty": "deviceid",
      "flag": "NEW",
      "label": "Berging",
      "timestamp": 1596282977541,
      "timeToLive": -1
    }
  },
  "mqtt:homie300:mqttlocalhost:device0009": {
    "class": "org.eclipse.smarthome.config.discovery.internal.DiscoveryResultImpl",
    "value": {
      "bridgeUID": {
        "segments": [
          "mqtt",
          "systemBroker",
          "mqttlocalhost"
        ]
      },
      "thingUID": {
        "segments": [
          "mqtt",
          "homie300",
          "mqttlocalhost",
          "device0009"
        ]
      },
      "thingTypeUID": {
        "segments": [
          "mqtt",
          "homie300"
        ]
      },
      "properties": {
        "deviceid": "device0009",
        "basetopic": "homie"
      },
      "representationProperty": "deviceid",
      "flag": "NEW",
      "label": "Traphal",
      "timestamp": 1596282977542,
      "timeToLive": -1
    }
  },
  "mqtt:homie300:mqttlocalhost:device0008": {
    "class": "org.eclipse.smarthome.config.discovery.internal.DiscoveryResultImpl",
    "value": {
      "bridgeUID": {
        "segments": [
          "mqtt",
          "systemBroker",
          "mqttlocalhost"
        ]
      },
      "thingUID": {
        "segments": [
          "mqtt",
          "homie300",
          "mqttlocalhost",
          "device0008"
        ]
      },
      "thingTypeUID": {
        "segments": [
          "mqtt",
          "homie300"
        ]
      },
      "properties": {
        "deviceid": "device0008",
        "basetopic": "homie"
      },
      "representationProperty": "deviceid",
      "flag": "NEW",
      "label": "Zolder",
      "timestamp": 1596282977545,
      "timeToLive": -1
    }
  }
}