{
  "mqtt:homie300:mqttlocalhost:device0003": {
    "class": "org.eclipse.smarthome.config.discovery.internal.DiscoveryResultImpl",
    "value": {
      "bridgeUID": {
        "segments": [
          "mqtt",
          "systemBroker",
          "mqttlocalhost"
        ]
      },
      "thingUID": {
        "segments": [
          "mqtt",
          "homie300",
          "mqttlocalhost",
          "device0003"
        ]
      },
      "thingTypeUID": {
        "segments": [
          "mqtt",
          "homie300"
        ]
      },
      "properties": {
        "deviceid": "device0003",
        "basetopic": "homie"
      },
      "representationProperty": "deviceid",
      "flag": "NEW",
      "label": "WC beneden",
      "timestamp": 1596530140314,
      "timeToLive": -1
    }
  },
  "mqtt:homie300:mqttlocalhost:device0014": {
    "class": "org.eclipse.smarthome.config.discovery.internal.DiscoveryResultImpl",
    "value": {
      "bridgeUID": {
        "segments": [
          "mqtt",
          "systemBroker",
          "mqttlocalhost"
        ]
      },
      "thingUID": {
        "segments": [
          "mqtt",
          "homie300",
          "mqttlocalhost",
          "device0014"
        ]
      },
      "thingTypeUID": {
        "segments": [
          "mqtt",
          "homie300"
        ]
      },
      "properties": {
        "deviceid": "device0014",
        "basetopic": "homie"
      },
      "representationProperty": "deviceid",
      "flag": "NEW",
      "label": "Badkamer",
      "timestamp": 1596530140349,
      "timeToLive": -1
    }
  },
  "mqtt:homie300:mqttlocalhost:device0002": {
    "class": "org.eclipse.smarthome.config.discovery.internal.DiscoveryResultImpl",
    "value": {
      "bridgeUID": {
        "segments": [
          "mqtt",
          "systemBroker",
          "mqttlocalhost"
        ]
      },
      "thingUID": {
        "segments": [
          "mqtt",
          "homie300",
          "mqttlocalhost",
          "device0002"
        ]
      },
      "thingTypeUID": {
        "segments": [
          "mqtt",
          "homie300"
        ]
      },
      "properties": {
        "deviceid": "device0002",
        "basetopic": "homie"
      },
      "representationProperty": "deviceid",
      "flag": "NEW",
      "label": "Gang",
      "timestamp": 1596530140315,
      "timeToLive": -1
    }
  },
  "mqtt:homie300:mqttlocalhost:device0001": {
    "class": "org.eclipse.smarthome.config.discovery.internal.DiscoveryResultImpl",
    "value": {
      "bridgeUID": {
        "segments": [
          "mqtt",
          "systemBroker",
          "mqttlocalhost"
        ]
      },
      "thingUID": {
        "segments": [
          "mqtt",
          "homie300",
          "mqttlocalhost",
          "device0001"
        ]
      },
      "thingTypeUID": {
        "segments": [
          "mqtt",
          "homie300"
        ]
      },
      "properties": {
        "deviceid": "device0001",
        "basetopic": "homie"
      },
      "representationProperty": "deviceid",
      "flag": "NEW",
      "label": "Garage",
      "timestamp": 1596530140285,
      "timeToLive": -1
    }
  },
  "mqtt:homie300:mqttlocalhost:device0012": {
    "class": "org.eclipse.smarthome.config.discovery.internal.DiscoveryResultImpl",
    "value": {
      "bridgeUID": {
        "segments": [
          "mqtt",
          "systemBroker",
          "mqttlocalhost"
        ]
      },
      "thingUID": {
        "segments": [
          "mqtt",
          "homie300",
          "mqttlocalhost",
          "device0012"
        ]
      },
      "thingTypeUID": {
        "segments": [
          "mqtt",
          "homie300"
        ]
      },
      "properties": {
        "deviceid": "device0012",
        "basetopic": "homie"
      },
      "representationProperty": "deviceid",
      "flag": "NEW",
      "label": "Kinderkamer 2",
      "timestamp": 1596530140336,
      "timeToLive": -1
    }
  },
  "mqtt:homie300:mqttlocalhost:device0011": {
    "class": "org.eclipse.smarthome.config.discovery.internal.DiscoveryResultImpl",
    "value": {
      "bridgeUID": {
        "segments": [
          "mqtt",
          "systemBroker",
          "mqttlocalhost"
        ]
      },
      "thingUID": {
        "segments": [
          "mqtt",
          "homie300",
          "mqttlocalhost",
          "device0011"
        ]
      },
      "thingTypeUID": {
        "segments": [
          "mqtt",
          "homie300"
        ]
      },
      "properties": {
        "deviceid": "device0011",
        "basetopic": "homie"
      },
      "representationProperty": "deviceid",
      "flag": "NEW",
      "label": "Kinderkamer 1",
      "timestamp": 1596530140349,
      "timeToLive": -1
    }
  },
  "mqtt:homie300:mqttlocalhost:device0006": {
    "class": "org.eclipse.smarthome.config.discovery.internal.DiscoveryResultImpl",
    "value": {
      "bridgeUID": {
        "segments": [
          "mqtt",
          "systemBroker",
          "mqttlocalhost"
        ]
      },
      "thingUID": {
        "segments": [
          "mqtt",
          "homie300",
          "mqttlocalhost",
          "device0006"
        ]
      },
      "thingTypeUID": {
        "segments": [
          "mqtt",
          "homie300"
        ]
      },
      "properties": {
        "deviceid": "device0006",
        "basetopic": "homie"
      },
      "representationProperty": "deviceid",
      "flag": "NEW",
      "label": "Oprit",
      "timestamp": 1596530140340,
      "timeToLive": -1
    }
  },
  "mqtt:homie300:mqttlocalhost:device0017": {
    "class": "org.eclipse.smarthome.config.discovery.internal.DiscoveryResultImpl",
    "value": {
      "bridgeUID": {
        "segments": [
          "mqtt",
          "systemBroker",
          "mqttlocalhost"
        ]
      },
      "thingUID": {
        "segments": [
          "mqtt",
          "homie300",
          "mqttlocalhost",
          "device0017"
        ]
      },
      "thingTypeUID": {
        "segments": [
          "mqtt",
          "homie300"
        ]
      },
      "properties": {
        "deviceid": "device0017",
        "basetopic": "homie"
      },
      "representationProperty": "deviceid",
      "flag": "NEW",
      "label": "Living",
      "timestamp": 1596530140352,
      "timeToLive": -1
    }
  },
  "mqtt:homie300:mqttlocalhost:device0005": {
    "class": "org.eclipse.smarthome.config.discovery.internal.DiscoveryResultImpl",
    "value": {
      "bridgeUID": {
        "segments": [
          "mqtt",
          "systemBroker",
          "mqttlocalhost"
        ]
      },
      "thingUID": {
        "segments": [
          "mqtt",
          "homie300",
          "mqttlocalhost",
          "device0005"
        ]
      },
      "thingTypeUID": {
        "segments": [
          "mqtt",
          "homie300"
        ]
      },
      "properties": {
        "deviceid": "device0005",
        "basetopic": "homie"
      },
      "representationProperty": "deviceid",
      "flag": "NEW",
      "label": "Spots keuken",
      "timestamp": 1596530140342,
      "timeToLive": -1
    }
  },
  "mqtt:homie300:mqttlocalhost:device0016": {
    "class": "org.eclipse.smarthome.config.discovery.internal.DiscoveryResultImpl",
    "value": {
      "bridgeUID": {
        "segments": [
          "mqtt",
          "systemBroker",
          "mqttlocalhost"
        ]
      },
      "thingUID": {
        "segments": [
          "mqtt",
          "homie300",
          "mqttlocalhost",
          "device0016"
        ]
      },
      "thingTypeUID": {
        "segments": [
          "mqtt",
          "homie300"
        ]
      },
      "properties": {
        "deviceid": "device0016",
        "basetopic": "homie"
      },
      "representationProperty": "deviceid",
      "flag": "NEW",
      "label": "Eetplaats",
      "timestamp": 1596530140345,
      "timeToLive": -1
    }
  },
  "mqtt:homie300:mqttlocalhost:device0004": {
    "class": "org.eclipse.smarthome.config.discovery.internal.DiscoveryResultImpl",
    "value": {
      "bridgeUID": {
        "segments": [
          "mqtt",
          "systemBroker",
          "mqttlocalhost"
        ]
      },
      "thingUID": {
        "segments": [
          "mqtt",
          "homie300",
          "mqttlocalhost",
          "device0004"
        ]
      },
      "thingTypeUID": {
        "segments": [
          "mqtt",
          "homie300"
        ]
      },
      "properties": {
        "deviceid": "device0004",
        "basetopic": "homie"
      },
      "representationProperty": "deviceid",
      "flag": "NEW",
      "label": "Berging",
      "timestamp": 1596530140301,
      "timeToLive": -1
    }
  },
  "mqtt:homie300:mqttlocalhost:device0009": {
    "class": "org.eclipse.smarthome.config.discovery.internal.DiscoveryResultImpl",
    "value": {
      "bridgeUID": {
        "segments": [
          "mqtt",
          "systemBroker",
          "mqttlocalhost"
        ]
      },
      "thingUID": {
        "segments": [
          "mqtt",
          "homie300",
          "mqttlocalhost",
          "device0009"
        ]
      },
      "thingTypeUID": {
        "segments": [
          "mqtt",
          "homie300"
        ]
      },
      "properties": {
        "deviceid": "device0009",
        "basetopic": "homie"
      },
      "representationProperty": "deviceid",
      "flag": "NEW",
      "label": "Traphal",
      "timestamp": 1596530140352,
      "timeToLive": -1
    }
  },
  "mqtt:homie300:mqttlocalhost:device0008": {
    "class": "org.eclipse.smarthome.config.discovery.internal.DiscoveryResultImpl",
    "value": {
      "bridgeUID": {
        "segments": [
          "mqtt",
          "systemBroker",
          "mqttlocalhost"
        ]
      },
      "thingUID": {
        "segments": [
          "mqtt",
          "homie300",
          "mqttlocalhost",
          "device0008"
        ]
      },
      "thingTypeUID": {
        "segments": [
          "mqtt",
          "homie300"
        ]
      },
      "properties": {
        "deviceid": "device0008",
        "basetopic": "homie"
      },
      "representationProperty": "deviceid",
      "flag": "NEW",
      "label": "Zolder",
      "timestamp": 1596530140344,
      "timeToLive": -1
    }
  }
}